bank_id,product_id,month,month_label,pcom_count,penalty_lakh,pcom_type,rectified
BNK001,PRD001,2024-04-01,Apr-2024,10,12.83,SLA Breach,Y
BNK001,PRD001,2024-05-01,May-2024,4,17.62,Reporting Delay,Y
BNK001,PRD001,2024-06-01,Jun-2024,5,21.81,SLA Breach,Y
BNK001,PRD001,2024-07-01,Jul-2024,5,49.92,Non-compliance,N
BNK001,PRD001,2024-08-01,Aug-2024,11,98.86,Delay Penalty,Y
BNK001,PRD001,2024-09-01,Sep-2024,9,28.7,Delay Penalty,N
BNK001,PRD001,2024-10-01,Oct-2024,8,49.39,SLA Breach,Y
BNK001,PRD001,2024-11-01,Nov-2024,6,37.46,Non-compliance,Y
BNK001,PRD001,2024-12-01,Dec-2024,0,0.0,None,Y
BNK001,PRD001,2025-01-01,Jan-2025,6,22.83,Reporting Delay,Y
BNK001,PRD001,2025-02-01,Feb-2025,5,39.47,SLA Breach,Y
BNK001,PRD001,2025-03-01,Mar-2025,12,27.0,Delay Penalty,N
BNK001,PRD002,2024-04-01,Apr-2024,2,8.68,SLA Breach,N
BNK001,PRD002,2024-05-01,May-2024,5,14.8,Delay Penalty,N
BNK001,PRD002,2024-06-01,Jun-2024,0,0.0,None,Y
BNK001,PRD002,2024-07-01,Jul-2024,12,80.55,SLA Breach,Y
BNK001,PRD002,2024-08-01,Aug-2024,12,6.58,Reporting Delay,N
BNK001,PRD002,2024-09-01,Sep-2024,12,35.72,Reporting Delay,Y
BNK001,PRD002,2024-10-01,Oct-2024,13,6.92,Reporting Delay,N
BNK001,PRD002,2024-11-01,Nov-2024,8,8.48,SLA Breach,Y
BNK001,PRD002,2024-12-01,Dec-2024,7,39.16,Delay Penalty,N
BNK001,PRD002,2025-01-01,Jan-2025,6,13.95,Delay Penalty,Y
BNK001,PRD002,2025-02-01,Feb-2025,5,40.16,Non-compliance,Y
BNK001,PRD002,2025-03-01,Mar-2025,3,17.24,Non-compliance,Y
BNK001,PRD003,2024-04-01,Apr-2024,8,25.58,SLA Breach,N
BNK001,PRD003,2024-05-01,May-2024,4,7.91,Non-compliance,Y
BNK001,PRD003,2024-06-01,Jun-2024,14,85.61,SLA Breach,Y
BNK001,PRD003,2024-07-01,Jul-2024,0,0.0,None,Y
BNK001,PRD003,2024-08-01,Aug-2024,6,48.74,Non-compliance,Y
BNK001,PRD003,2024-09-01,Sep-2024,13,19.07,Delay Penalty,Y
BNK001,PRD003,2024-10-01,Oct-2024,5,3.91,SLA Breach,Y
BNK001,PRD003,2024-11-01,Nov-2024,4,31.63,Reporting Delay,Y
BNK001,PRD003,2024-12-01,Dec-2024,2,13.22,Non-compliance,Y
BNK001,PRD003,2025-01-01,Jan-2025,11,51.13,Delay Penalty,Y
BNK001,PRD003,2025-02-01,Feb-2025,14,81.02,Delay Penalty,N
BNK001,PRD003,2025-03-01,Mar-2025,7,5.44,Delay Penalty,Y
BNK001,PRD004,2024-04-01,Apr-2024,0,0.0,None,Y
BNK001,PRD004,2024-05-01,May-2024,13,94.47,SLA Breach,Y
BNK001,PRD004,2024-06-01,Jun-2024,4,25.3,Non-compliance,Y
BNK001,PRD004,2024-07-01,Jul-2024,13,38.94,Reporting Delay,N
BNK001,PRD004,2024-08-01,Aug-2024,11,35.58,Non-compliance,Y
BNK001,PRD004,2024-09-01,Sep-2024,2,13.19,Non-compliance,Y
BNK001,PRD004,2024-10-01,Oct-2024,5,38.41,Reporting Delay,Y
BNK001,PRD004,2024-11-01,Nov-2024,10,26.6,Delay Penalty,Y
BNK001,PRD004,2024-12-01,Dec-2024,1,8.33,Reporting Delay,Y
BNK001,PRD004,2025-01-01,Jan-2025,13,118.13,Reporting Delay,Y
BNK001,PRD004,2025-02-01,Feb-2025,4,14.61,SLA Breach,Y
BNK001,PRD004,2025-03-01,Mar-2025,13,103.35,SLA Breach,Y
BNK001,PRD005,2024-04-01,Apr-2024,8,25.15,Delay Penalty,N
BNK001,PRD005,2024-05-01,May-2024,9,41.26,Delay Penalty,Y
BNK001,PRD005,2024-06-01,Jun-2024,5,9.78,Reporting Delay,Y
BNK001,PRD005,2024-07-01,Jul-2024,5,37.07,Reporting Delay,Y
BNK001,PRD005,2024-08-01,Aug-2024,6,16.71,Reporting Delay,Y
BNK001,PRD005,2024-09-01,Sep-2024,5,44.95,Delay Penalty,N
BNK001,PRD005,2024-10-01,Oct-2024,4,18.88,Delay Penalty,Y
BNK001,PRD005,2024-11-01,Nov-2024,6,34.93,SLA Breach,Y
BNK001,PRD005,2024-12-01,Dec-2024,2,5.18,Delay Penalty,Y
BNK001,PRD005,2025-01-01,Jan-2025,2,14.73,Non-compliance,N
BNK001,PRD005,2025-02-01,Feb-2025,4,13.45,Reporting Delay,Y
BNK001,PRD005,2025-03-01,Mar-2025,4,35.3,Delay Penalty,Y
BNK002,PRD001,2024-04-01,Apr-2024,10,27.84,Non-compliance,Y
BNK002,PRD001,2024-05-01,May-2024,2,6.73,Delay Penalty,Y
BNK002,PRD001,2024-06-01,Jun-2024,4,19.27,Non-compliance,Y
BNK002,PRD001,2024-07-01,Jul-2024,1,3.64,Non-compliance,N
BNK002,PRD001,2024-08-01,Aug-2024,9,32.51,SLA Breach,Y
BNK002,PRD001,2024-09-01,Sep-2024,6,51.21,Delay Penalty,N
BNK002,PRD001,2024-10-01,Oct-2024,2,10.48,Reporting Delay,Y
BNK002,PRD001,2024-11-01,Nov-2024,2,4.13,Reporting Delay,Y
BNK002,PRD001,2024-12-01,Dec-2024,3,23.24,Non-compliance,Y
BNK002,PRD001,2025-01-01,Jan-2025,9,33.39,SLA Breach,Y
BNK002,PRD001,2025-02-01,Feb-2025,2,5.22,Delay Penalty,Y
BNK002,PRD001,2025-03-01,Mar-2025,9,83.3,Non-compliance,N
BNK002,PRD002,2024-04-01,Apr-2024,3,9.47,Non-compliance,N
BNK002,PRD002,2024-05-01,May-2024,5,45.48,Delay Penalty,N
BNK002,PRD002,2024-06-01,Jun-2024,2,10.22,Non-compliance,Y
BNK002,PRD002,2024-07-01,Jul-2024,12,9.01,Delay Penalty,N
BNK002,PRD002,2024-08-01,Aug-2024,6,55.87,Non-compliance,Y
BNK002,PRD002,2024-09-01,Sep-2024,5,13.94,Non-compliance,N
BNK002,PRD002,2024-10-01,Oct-2024,5,12.47,Delay Penalty,N
BNK002,PRD002,2024-11-01,Nov-2024,3,5.1,SLA Breach,Y
BNK002,PRD002,2024-12-01,Dec-2024,14,23.11,Non-compliance,Y
BNK002,PRD002,2025-01-01,Jan-2025,7,23.59,SLA Breach,Y
BNK002,PRD002,2025-02-01,Feb-2025,2,1.86,Delay Penalty,Y
BNK002,PRD002,2025-03-01,Mar-2025,1,2.77,Non-compliance,Y
BNK002,PRD003,2024-04-01,Apr-2024,5,13.22,Reporting Delay,Y
BNK002,PRD003,2024-05-01,May-2024,9,4.68,Delay Penalty,Y
BNK002,PRD003,2024-06-01,Jun-2024,10,66.56,Reporting Delay,Y
BNK002,PRD003,2024-07-01,Jul-2024,5,11.25,SLA Breach,N
BNK002,PRD003,2024-08-01,Aug-2024,10,69.32,Reporting Delay,Y
BNK002,PRD003,2024-09-01,Sep-2024,7,28.0,SLA Breach,Y
BNK002,PRD003,2024-10-01,Oct-2024,10,60.04,Non-compliance,Y
BNK002,PRD003,2024-11-01,Nov-2024,0,0.0,None,Y
BNK002,PRD003,2024-12-01,Dec-2024,10,97.85,Non-compliance,Y
BNK002,PRD003,2025-01-01,Jan-2025,1,4.16,Reporting Delay,N
BNK002,PRD003,2025-02-01,Feb-2025,13,72.51,Delay Penalty,Y
BNK002,PRD003,2025-03-01,Mar-2025,4,13.01,SLA Breach,Y
BNK002,PRD004,2024-04-01,Apr-2024,6,47.6,Delay Penalty,Y
BNK002,PRD004,2024-05-01,May-2024,14,53.91,Delay Penalty,Y
BNK002,PRD004,2024-06-01,Jun-2024,10,97.53,Reporting Delay,N
BNK002,PRD004,2024-07-01,Jul-2024,10,37.3,SLA Breach,Y
BNK002,PRD004,2024-08-01,Aug-2024,9,59.91,Reporting Delay,Y
BNK002,PRD004,2024-09-01,Sep-2024,1,7.95,Non-compliance,Y
BNK002,PRD004,2024-10-01,Oct-2024,12,79.87,Reporting Delay,Y
BNK002,PRD004,2024-11-01,Nov-2024,6,7.23,Delay Penalty,Y
BNK002,PRD004,2024-12-01,Dec-2024,1,1.16,Delay Penalty,N
BNK002,PRD004,2025-01-01,Jan-2025,7,39.88,Reporting Delay,Y
BNK002,PRD004,2025-02-01,Feb-2025,5,41.73,Reporting Delay,Y
BNK002,PRD004,2025-03-01,Mar-2025,5,8.94,Non-compliance,N
BNK002,PRD005,2024-04-01,Apr-2024,1,3.88,Non-compliance,Y
BNK002,PRD005,2024-05-01,May-2024,13,53.25,SLA Breach,Y
BNK002,PRD005,2024-06-01,Jun-2024,6,54.96,Delay Penalty,Y
BNK002,PRD005,2024-07-01,Jul-2024,4,7.78,SLA Breach,Y
BNK002,PRD005,2024-08-01,Aug-2024,0,0.0,None,Y
BNK002,PRD005,2024-09-01,Sep-2024,6,22.19,Non-compliance,Y
BNK002,PRD005,2024-10-01,Oct-2024,13,93.33,Delay Penalty,Y
BNK002,PRD005,2024-11-01,Nov-2024,2,9.31,Reporting Delay,N
BNK002,PRD005,2024-12-01,Dec-2024,9,15.34,Reporting Delay,Y
BNK002,PRD005,2025-01-01,Jan-2025,1,6.76,Non-compliance,N
BNK002,PRD005,2025-02-01,Feb-2025,6,35.5,SLA Breach,Y
BNK002,PRD005,2025-03-01,Mar-2025,13,23.72,Delay Penalty,Y
BNK003,PRD001,2024-04-01,Apr-2024,11,75.23,Delay Penalty,N
BNK003,PRD001,2024-05-01,May-2024,12,24.66,Reporting Delay,N
BNK003,PRD001,2024-06-01,Jun-2024,4,18.38,Non-compliance,Y
BNK003,PRD001,2024-07-01,Jul-2024,0,0.0,None,Y
BNK003,PRD001,2024-08-01,Aug-2024,14,49.02,SLA Breach,Y
BNK003,PRD001,2024-09-01,Sep-2024,14,127.98,Reporting Delay,Y
BNK003,PRD001,2024-10-01,Oct-2024,10,34.83,Reporting Delay,N
BNK003,PRD001,2024-11-01,Nov-2024,14,41.6,Reporting Delay,Y
BNK003,PRD001,2024-12-01,Dec-2024,8,16.14,SLA Breach,Y
BNK003,PRD001,2025-01-01,Jan-2025,10,83.89,Delay Penalty,Y
BNK003,PRD001,2025-02-01,Feb-2025,6,10.87,Delay Penalty,N
BNK003,PRD001,2025-03-01,Mar-2025,8,77.77,Reporting Delay,Y
BNK003,PRD002,2024-04-01,Apr-2024,5,46.62,Delay Penalty,Y
BNK003,PRD002,2024-05-01,May-2024,12,12.18,Reporting Delay,Y
BNK003,PRD002,2024-06-01,Jun-2024,11,97.02,Reporting Delay,Y
BNK003,PRD002,2024-07-01,Jul-2024,8,21.59,SLA Breach,Y
BNK003,PRD002,2024-08-01,Aug-2024,9,54.46,Non-compliance,Y
BNK003,PRD002,2024-09-01,Sep-2024,10,30.58,Non-compliance,Y
BNK003,PRD002,2024-10-01,Oct-2024,1,1.55,Reporting Delay,Y
BNK003,PRD002,2024-11-01,Nov-2024,13,29.48,Non-compliance,Y
BNK003,PRD002,2024-12-01,Dec-2024,13,63.49,Delay Penalty,Y
BNK003,PRD002,2025-01-01,Jan-2025,13,126.6,Reporting Delay,Y
BNK003,PRD002,2025-02-01,Feb-2025,5,43.54,SLA Breach,Y
BNK003,PRD002,2025-03-01,Mar-2025,6,14.61,Non-compliance,Y
BNK003,PRD003,2024-04-01,Apr-2024,4,23.11,Non-compliance,Y
BNK003,PRD003,2024-05-01,May-2024,2,13.26,Non-compliance,Y
BNK003,PRD003,2024-06-01,Jun-2024,13,92.79,SLA Breach,Y
BNK003,PRD003,2024-07-01,Jul-2024,0,0.0,None,N
BNK003,PRD003,2024-08-01,Aug-2024,6,44.6,Delay Penalty,N
BNK003,PRD003,2024-09-01,Sep-2024,2,12.97,Non-compliance,N
BNK003,PRD003,2024-10-01,Oct-2024,3,4.72,Non-compliance,Y
BNK003,PRD003,2024-11-01,Nov-2024,0,0.0,None,Y
BNK003,PRD003,2024-12-01,Dec-2024,13,95.43,SLA Breach,Y
BNK003,PRD003,2025-01-01,Jan-2025,1,8.26,Non-compliance,Y
BNK003,PRD003,2025-02-01,Feb-2025,14,35.26,Reporting Delay,N
BNK003,PRD003,2025-03-01,Mar-2025,0,0.0,None,Y
BNK003,PRD004,2024-04-01,Apr-2024,14,98.95,Reporting Delay,N
BNK003,PRD004,2024-05-01,May-2024,10,65.62,Non-compliance,N
BNK003,PRD004,2024-06-01,Jun-2024,0,0.0,None,Y
BNK003,PRD004,2024-07-01,Jul-2024,9,28.96,Reporting Delay,Y
BNK003,PRD004,2024-08-01,Aug-2024,0,0.0,None,N
BNK003,PRD004,2024-09-01,Sep-2024,4,29.18,Delay Penalty,Y
BNK003,PRD004,2024-10-01,Oct-2024,13,24.48,SLA Breach,Y
BNK003,PRD004,2024-11-01,Nov-2024,13,121.42,SLA Breach,Y
BNK003,PRD004,2024-12-01,Dec-2024,12,116.48,Delay Penalty,Y
BNK003,PRD004,2025-01-01,Jan-2025,1,3.65,Reporting Delay,Y
BNK003,PRD004,2025-02-01,Feb-2025,7,55.84,Delay Penalty,Y
BNK003,PRD004,2025-03-01,Mar-2025,3,16.43,Delay Penalty,Y
BNK003,PRD005,2024-04-01,Apr-2024,3,3.44,SLA Breach,Y
BNK003,PRD005,2024-05-01,May-2024,4,4.43,Reporting Delay,N
BNK003,PRD005,2024-06-01,Jun-2024,13,48.48,Non-compliance,Y
BNK003,PRD005,2024-07-01,Jul-2024,2,13.05,Delay Penalty,Y
BNK003,PRD005,2024-08-01,Aug-2024,7,17.95,SLA Breach,N
BNK003,PRD005,2024-09-01,Sep-2024,4,21.22,Non-compliance,Y
BNK003,PRD005,2024-10-01,Oct-2024,9,5.53,Reporting Delay,Y
BNK003,PRD005,2024-11-01,Nov-2024,5,23.75,Reporting Delay,N
BNK003,PRD005,2024-12-01,Dec-2024,8,6.74,Delay Penalty,Y
BNK003,PRD005,2025-01-01,Jan-2025,13,104.1,Delay Penalty,N
BNK003,PRD005,2025-02-01,Feb-2025,13,71.6,Non-compliance,N
BNK003,PRD005,2025-03-01,Mar-2025,10,46.41,Delay Penalty,Y
BNK004,PRD001,2024-04-01,Apr-2024,7,29.39,Reporting Delay,Y
BNK004,PRD001,2024-05-01,May-2024,1,5.93,Reporting Delay,N
BNK004,PRD001,2024-06-01,Jun-2024,5,37.45,Non-compliance,Y
BNK004,PRD001,2024-07-01,Jul-2024,2,2.25,Delay Penalty,Y
BNK004,PRD001,2024-08-01,Aug-2024,12,43.94,Non-compliance,Y
BNK004,PRD001,2024-09-01,Sep-2024,2,7.77,Delay Penalty,Y
BNK004,PRD001,2024-10-01,Oct-2024,6,28.06,Non-compliance,Y
BNK004,PRD001,2024-11-01,Nov-2024,3,28.63,Non-compliance,Y
BNK004,PRD001,2024-12-01,Dec-2024,4,16.74,Non-compliance,Y
BNK004,PRD001,2025-01-01,Jan-2025,7,55.16,Reporting Delay,Y
BNK004,PRD001,2025-02-01,Feb-2025,8,9.06,SLA Breach,Y
BNK004,PRD001,2025-03-01,Mar-2025,13,59.33,Reporting Delay,Y
BNK004,PRD002,2024-04-01,Apr-2024,0,0.0,None,Y
BNK004,PRD002,2024-05-01,May-2024,0,0.0,None,Y
BNK004,PRD002,2024-06-01,Jun-2024,3,27.18,Reporting Delay,Y
BNK004,PRD002,2024-07-01,Jul-2024,7,29.05,Non-compliance,Y
BNK004,PRD002,2024-08-01,Aug-2024,4,26.24,Delay Penalty,Y
BNK004,PRD002,2024-09-01,Sep-2024,4,35.24,SLA Breach,Y
BNK004,PRD002,2024-10-01,Oct-2024,6,58.19,Delay Penalty,N
BNK004,PRD002,2024-11-01,Nov-2024,12,113.32,Delay Penalty,N
BNK004,PRD002,2024-12-01,Dec-2024,1,7.36,Delay Penalty,N
BNK004,PRD002,2025-01-01,Jan-2025,11,28.88,Non-compliance,N
BNK004,PRD002,2025-02-01,Feb-2025,11,54.53,Delay Penalty,Y
BNK004,PRD002,2025-03-01,Mar-2025,13,68.41,Non-compliance,Y
BNK004,PRD003,2024-04-01,Apr-2024,1,7.46,Reporting Delay,Y
BNK004,PRD003,2024-05-01,May-2024,0,0.0,None,Y
BNK004,PRD003,2024-06-01,Jun-2024,6,7.73,Delay Penalty,Y
BNK004,PRD003,2024-07-01,Jul-2024,12,87.66,SLA Breach,Y
BNK004,PRD003,2024-08-01,Aug-2024,2,13.83,Reporting Delay,Y
BNK004,PRD003,2024-09-01,Sep-2024,13,125.59,SLA Breach,N
BNK004,PRD003,2024-10-01,Oct-2024,12,84.86,Reporting Delay,N
BNK004,PRD003,2024-11-01,Nov-2024,1,6.38,Reporting Delay,Y
BNK004,PRD003,2024-12-01,Dec-2024,10,60.34,Reporting Delay,Y
BNK004,PRD003,2025-01-01,Jan-2025,5,36.21,Reporting Delay,Y
BNK004,PRD003,2025-02-01,Feb-2025,11,47.58,Reporting Delay,N
BNK004,PRD003,2025-03-01,Mar-2025,4,25.08,Reporting Delay,Y
BNK004,PRD004,2024-04-01,Apr-2024,2,15.8,Delay Penalty,Y
BNK004,PRD004,2024-05-01,May-2024,9,35.85,Non-compliance,Y
BNK004,PRD004,2024-06-01,Jun-2024,14,138.19,Reporting Delay,Y
BNK004,PRD004,2024-07-01,Jul-2024,2,9.72,Non-compliance,Y
BNK004,PRD004,2024-08-01,Aug-2024,1,1.34,Delay Penalty,Y
BNK004,PRD004,2024-09-01,Sep-2024,3,19.28,Delay Penalty,N
BNK004,PRD004,2024-10-01,Oct-2024,0,0.0,None,N
BNK004,PRD004,2024-11-01,Nov-2024,10,45.03,Delay Penalty,Y
BNK004,PRD004,2024-12-01,Dec-2024,7,46.1,Delay Penalty,Y
BNK004,PRD004,2025-01-01,Jan-2025,13,47.1,Delay Penalty,Y
BNK004,PRD004,2025-02-01,Feb-2025,1,7.23,Non-compliance,N
BNK004,PRD004,2025-03-01,Mar-2025,0,0.0,None,Y
BNK004,PRD005,2024-04-01,Apr-2024,6,34.95,Non-compliance,Y
BNK004,PRD005,2024-05-01,May-2024,12,109.71,Reporting Delay,Y
BNK004,PRD005,2024-06-01,Jun-2024,3,9.74,Non-compliance,Y
BNK004,PRD005,2024-07-01,Jul-2024,7,9.44,Non-compliance,Y
BNK004,PRD005,2024-08-01,Aug-2024,4,17.31,Delay Penalty,Y
BNK004,PRD005,2024-09-01,Sep-2024,5,48.59,Reporting Delay,N
BNK004,PRD005,2024-10-01,Oct-2024,12,83.38,Non-compliance,Y
BNK004,PRD005,2024-11-01,Nov-2024,0,0.0,None,N
BNK004,PRD005,2024-12-01,Dec-2024,10,82.64,Reporting Delay,N
BNK004,PRD005,2025-01-01,Jan-2025,5,39.49,Non-compliance,Y
BNK004,PRD005,2025-02-01,Feb-2025,5,18.32,Non-compliance,N
BNK004,PRD005,2025-03-01,Mar-2025,10,32.56,Delay Penalty,Y
BNK005,PRD001,2024-04-01,Apr-2024,10,74.79,Non-compliance,Y
BNK005,PRD001,2024-05-01,May-2024,8,54.47,Delay Penalty,Y
BNK005,PRD001,2024-06-01,Jun-2024,9,36.73,Delay Penalty,Y
BNK005,PRD001,2024-07-01,Jul-2024,1,0.73,SLA Breach,Y
BNK005,PRD001,2024-08-01,Aug-2024,3,5.58,Delay Penalty,N
BNK005,PRD001,2024-09-01,Sep-2024,14,33.99,Delay Penalty,Y
BNK005,PRD001,2024-10-01,Oct-2024,14,49.6,Reporting Delay,Y
BNK005,PRD001,2024-11-01,Nov-2024,5,36.36,Non-compliance,Y
BNK005,PRD001,2024-12-01,Dec-2024,1,1.05,Delay Penalty,Y
BNK005,PRD001,2025-01-01,Jan-2025,7,43.08,Non-compliance,Y
BNK005,PRD001,2025-02-01,Feb-2025,8,43.6,Delay Penalty,Y
BNK005,PRD001,2025-03-01,Mar-2025,12,66.61,Delay Penalty,Y
BNK005,PRD002,2024-04-01,Apr-2024,7,68.83,Non-compliance,Y
BNK005,PRD002,2024-05-01,May-2024,10,31.47,SLA Breach,Y
BNK005,PRD002,2024-06-01,Jun-2024,9,8.82,Non-compliance,Y
BNK005,PRD002,2024-07-01,Jul-2024,13,93.73,Reporting Delay,N
BNK005,PRD002,2024-08-01,Aug-2024,6,16.82,Reporting Delay,N
BNK005,PRD002,2024-09-01,Sep-2024,2,18.41,Delay Penalty,Y
BNK005,PRD002,2024-10-01,Oct-2024,2,3.61,Reporting Delay,Y
BNK005,PRD002,2024-11-01,Nov-2024,5,49.25,SLA Breach,N
BNK005,PRD002,2024-12-01,Dec-2024,13,127.7,Reporting Delay,Y
BNK005,PRD002,2025-01-01,Jan-2025,13,119.05,Non-compliance,Y
BNK005,PRD002,2025-02-01,Feb-2025,14,121.8,Delay Penalty,Y
BNK005,PRD002,2025-03-01,Mar-2025,14,97.56,Non-compliance,Y
BNK005,PRD003,2024-04-01,Apr-2024,0,0.0,None,N
BNK005,PRD003,2024-05-01,May-2024,13,81.18,SLA Breach,Y
BNK005,PRD003,2024-06-01,Jun-2024,1,6.05,Delay Penalty,Y
BNK005,PRD003,2024-07-01,Jul-2024,2,9.02,Non-compliance,N
BNK005,PRD003,2024-08-01,Aug-2024,14,104.55,SLA Breach,Y
BNK005,PRD003,2024-09-01,Sep-2024,11,16.35,Reporting Delay,N
BNK005,PRD003,2024-10-01,Oct-2024,7,61.14,Reporting Delay,N
BNK005,PRD003,2024-11-01,Nov-2024,5,45.15,Non-compliance,N
BNK005,PRD003,2024-12-01,Dec-2024,13,59.91,SLA Breach,Y
BNK005,PRD003,2025-01-01,Jan-2025,1,6.72,Non-compliance,N
BNK005,PRD003,2025-02-01,Feb-2025,13,27.73,Non-compliance,Y
BNK005,PRD003,2025-03-01,Mar-2025,6,27.79,Delay Penalty,Y
BNK005,PRD004,2024-04-01,Apr-2024,6,25.63,Reporting Delay,Y
BNK005,PRD004,2024-05-01,May-2024,2,11.46,Delay Penalty,N
BNK005,PRD004,2024-06-01,Jun-2024,4,24.18,SLA Breach,Y
BNK005,PRD004,2024-07-01,Jul-2024,2,7.49,Reporting Delay,N
BNK005,PRD004,2024-08-01,Aug-2024,6,27.73,Reporting Delay,N
BNK005,PRD004,2024-09-01,Sep-2024,4,22.86,Non-compliance,Y
BNK005,PRD004,2024-10-01,Oct-2024,14,77.78,SLA Breach,Y
BNK005,PRD004,2024-11-01,Nov-2024,13,119.93,SLA Breach,Y
BNK005,PRD004,2024-12-01,Dec-2024,11,16.93,Reporting Delay,Y
BNK005,PRD004,2025-01-01,Jan-2025,7,42.25,Delay Penalty,Y
BNK005,PRD004,2025-02-01,Feb-2025,8,76.12,SLA Breach,N
BNK005,PRD004,2025-03-01,Mar-2025,5,6.91,Reporting Delay,Y
BNK005,PRD005,2024-04-01,Apr-2024,9,76.45,SLA Breach,N
BNK005,PRD005,2024-05-01,May-2024,0,0.0,None,Y
BNK005,PRD005,2024-06-01,Jun-2024,11,5.96,Non-compliance,Y
BNK005,PRD005,2024-07-01,Jul-2024,4,28.75,Non-compliance,N
BNK005,PRD005,2024-08-01,Aug-2024,8,71.56,SLA Breach,N
BNK005,PRD005,2024-09-01,Sep-2024,14,90.32,Delay Penalty,Y
BNK005,PRD005,2024-10-01,Oct-2024,8,5.37,Delay Penalty,Y
BNK005,PRD005,2024-11-01,Nov-2024,5,3.13,Reporting Delay,Y
BNK005,PRD005,2024-12-01,Dec-2024,7,14.87,Delay Penalty,N
BNK005,PRD005,2025-01-01,Jan-2025,9,55.86,Non-compliance,Y
BNK005,PRD005,2025-02-01,Feb-2025,2,17.17,Reporting Delay,Y
BNK005,PRD005,2025-03-01,Mar-2025,12,78.27,Delay Penalty,N
BNK006,PRD001,2024-04-01,Apr-2024,1,0.9,Reporting Delay,Y
BNK006,PRD001,2024-05-01,May-2024,0,0.0,None,Y
BNK006,PRD001,2024-06-01,Jun-2024,4,36.38,Reporting Delay,Y
BNK006,PRD001,2024-07-01,Jul-2024,1,8.15,Reporting Delay,Y
BNK006,PRD001,2024-08-01,Aug-2024,1,9.48,SLA Breach,Y
BNK006,PRD001,2024-09-01,Sep-2024,4,14.41,Delay Penalty,Y
BNK006,PRD001,2024-10-01,Oct-2024,1,9.49,SLA Breach,N
BNK006,PRD001,2024-11-01,Nov-2024,4,36.52,SLA Breach,Y
BNK006,PRD001,2024-12-01,Dec-2024,4,22.62,Reporting Delay,Y
BNK006,PRD001,2025-01-01,Jan-2025,2,6.77,SLA Breach,Y
BNK006,PRD001,2025-02-01,Feb-2025,1,7.38,SLA Breach,N
BNK006,PRD001,2025-03-01,Mar-2025,3,27.05,Reporting Delay,Y
BNK006,PRD002,2024-04-01,Apr-2024,5,26.92,SLA Breach,Y
BNK006,PRD002,2024-05-01,May-2024,4,23.34,Non-compliance,Y
BNK006,PRD002,2024-06-01,Jun-2024,3,28.42,Non-compliance,N
BNK006,PRD002,2024-07-01,Jul-2024,4,10.2,Reporting Delay,Y
BNK006,PRD002,2024-08-01,Aug-2024,3,8.35,Delay Penalty,N
BNK006,PRD002,2024-09-01,Sep-2024,2,10.97,Delay Penalty,Y
BNK006,PRD002,2024-10-01,Oct-2024,1,7.84,Reporting Delay,Y
BNK006,PRD002,2024-11-01,Nov-2024,3,19.99,SLA Breach,Y
BNK006,PRD002,2024-12-01,Dec-2024,5,37.12,SLA Breach,Y
BNK006,PRD002,2025-01-01,Jan-2025,2,15.5,SLA Breach,Y
BNK006,PRD002,2025-02-01,Feb-2025,4,15.72,Delay Penalty,Y
BNK006,PRD002,2025-03-01,Mar-2025,3,12.93,Non-compliance,Y
BNK006,PRD003,2024-04-01,Apr-2024,0,0.0,None,Y
BNK006,PRD003,2024-05-01,May-2024,5,38.51,Non-compliance,Y
BNK006,PRD003,2024-06-01,Jun-2024,4,18.98,Reporting Delay,Y
BNK006,PRD003,2024-07-01,Jul-2024,5,30.54,SLA Breach,Y
BNK006,PRD003,2024-08-01,Aug-2024,4,38.84,Delay Penalty,Y
BNK006,PRD003,2024-09-01,Sep-2024,3,2.31,Reporting Delay,Y
BNK006,PRD003,2024-10-01,Oct-2024,2,19.86,Delay Penalty,Y
BNK006,PRD003,2024-11-01,Nov-2024,0,0.0,None,Y
BNK006,PRD003,2024-12-01,Dec-2024,1,3.76,Non-compliance,Y
BNK006,PRD003,2025-01-01,Jan-2025,1,3.76,Delay Penalty,Y
BNK006,PRD003,2025-02-01,Feb-2025,5,30.84,Non-compliance,Y
BNK006,PRD003,2025-03-01,Mar-2025,4,25.58,SLA Breach,Y
BNK006,PRD004,2024-04-01,Apr-2024,0,0.0,None,Y
BNK006,PRD004,2024-05-01,May-2024,0,0.0,None,Y
BNK006,PRD004,2024-06-01,Jun-2024,3,9.33,Non-compliance,N
BNK006,PRD004,2024-07-01,Jul-2024,2,17.81,SLA Breach,Y
BNK006,PRD004,2024-08-01,Aug-2024,3,25.45,Reporting Delay,Y
BNK006,PRD004,2024-09-01,Sep-2024,4,15.07,Delay Penalty,Y
BNK006,PRD004,2024-10-01,Oct-2024,2,11.04,SLA Breach,Y
BNK006,PRD004,2024-11-01,Nov-2024,1,9.57,SLA Breach,N
BNK006,PRD004,2024-12-01,Dec-2024,5,40.41,Delay Penalty,Y
BNK006,PRD004,2025-01-01,Jan-2025,1,1.24,SLA Breach,Y
BNK006,PRD004,2025-02-01,Feb-2025,4,13.88,Non-compliance,N
BNK006,PRD004,2025-03-01,Mar-2025,4,37.1,Reporting Delay,Y
BNK006,PRD005,2024-04-01,Apr-2024,2,11.33,Delay Penalty,N
BNK006,PRD005,2024-05-01,May-2024,2,5.7,SLA Breach,N
BNK006,PRD005,2024-06-01,Jun-2024,0,0.0,None,Y
BNK006,PRD005,2024-07-01,Jul-2024,4,33.56,SLA Breach,N
BNK006,PRD005,2024-08-01,Aug-2024,4,30.97,Non-compliance,N
BNK006,PRD005,2024-09-01,Sep-2024,1,1.46,Reporting Delay,Y
BNK006,PRD005,2024-10-01,Oct-2024,3,16.48,Reporting Delay,N
BNK006,PRD005,2024-11-01,Nov-2024,0,0.0,None,Y
BNK006,PRD005,2024-12-01,Dec-2024,2,5.45,Reporting Delay,Y
BNK006,PRD005,2025-01-01,Jan-2025,0,0.0,None,Y
BNK006,PRD005,2025-02-01,Feb-2025,5,23.2,Reporting Delay,Y
BNK006,PRD005,2025-03-01,Mar-2025,1,0.81,SLA Breach,Y
BNK007,PRD001,2024-04-01,Apr-2024,13,21.94,Reporting Delay,N
BNK007,PRD001,2024-05-01,May-2024,3,24.41,Non-compliance,Y
BNK007,PRD001,2024-06-01,Jun-2024,4,10.71,Delay Penalty,Y
BNK007,PRD001,2024-07-01,Jul-2024,7,60.04,Delay Penalty,Y
BNK007,PRD001,2024-08-01,Aug-2024,9,9.39,SLA Breach,Y
BNK007,PRD001,2024-09-01,Sep-2024,6,23.88,Non-compliance,Y
BNK007,PRD001,2024-10-01,Oct-2024,11,30.32,Non-compliance,Y
BNK007,PRD001,2024-11-01,Nov-2024,1,3.94,SLA Breach,N
BNK007,PRD001,2024-12-01,Dec-2024,5,11.28,Delay Penalty,Y
BNK007,PRD001,2025-01-01,Jan-2025,10,32.82,Delay Penalty,Y
BNK007,PRD001,2025-02-01,Feb-2025,9,21.09,Delay Penalty,Y
BNK007,PRD001,2025-03-01,Mar-2025,9,25.77,SLA Breach,Y
BNK007,PRD002,2024-04-01,Apr-2024,13,16.94,Delay Penalty,Y
BNK007,PRD002,2024-05-01,May-2024,9,54.54,Reporting Delay,Y
BNK007,PRD002,2024-06-01,Jun-2024,10,15.18,Delay Penalty,N
BNK007,PRD002,2024-07-01,Jul-2024,2,12.11,Reporting Delay,Y
BNK007,PRD002,2024-08-01,Aug-2024,5,39.66,SLA Breach,Y
BNK007,PRD002,2024-09-01,Sep-2024,13,32.88,Non-compliance,Y
BNK007,PRD002,2024-10-01,Oct-2024,12,22.1,Delay Penalty,Y
BNK007,PRD002,2024-11-01,Nov-2024,10,51.47,Non-compliance,Y
BNK007,PRD002,2024-12-01,Dec-2024,1,5.72,Reporting Delay,Y
BNK007,PRD002,2025-01-01,Jan-2025,11,51.76,Reporting Delay,N
BNK007,PRD002,2025-02-01,Feb-2025,11,17.4,Delay Penalty,Y
BNK007,PRD002,2025-03-01,Mar-2025,2,10.76,Reporting Delay,N
BNK007,PRD003,2024-04-01,Apr-2024,0,0.0,None,Y
BNK007,PRD003,2024-05-01,May-2024,12,90.42,Delay Penalty,Y
BNK007,PRD003,2024-06-01,Jun-2024,12,12.44,SLA Breach,Y
BNK007,PRD003,2024-07-01,Jul-2024,0,0.0,None,Y
BNK007,PRD003,2024-08-01,Aug-2024,0,0.0,None,N
BNK007,PRD003,2024-09-01,Sep-2024,11,59.92,Reporting Delay,Y
BNK007,PRD003,2024-10-01,Oct-2024,13,98.48,SLA Breach,Y
BNK007,PRD003,2024-11-01,Nov-2024,13,27.51,SLA Breach,N
BNK007,PRD003,2024-12-01,Dec-2024,6,25.61,Non-compliance,Y
BNK007,PRD003,2025-01-01,Jan-2025,4,24.97,Non-compliance,Y
BNK007,PRD003,2025-02-01,Feb-2025,6,42.32,SLA Breach,Y
BNK007,PRD003,2025-03-01,Mar-2025,9,50.37,Non-compliance,Y
BNK007,PRD004,2024-04-01,Apr-2024,11,62.11,Delay Penalty,Y
BNK007,PRD004,2024-05-01,May-2024,1,2.81,Non-compliance,N
BNK007,PRD004,2024-06-01,Jun-2024,2,1.92,SLA Breach,Y
BNK007,PRD004,2024-07-01,Jul-2024,3,9.5,Delay Penalty,Y
BNK007,PRD004,2024-08-01,Aug-2024,8,16.14,Delay Penalty,Y
BNK007,PRD004,2024-09-01,Sep-2024,3,20.24,Non-compliance,Y
BNK007,PRD004,2024-10-01,Oct-2024,11,23.66,Non-compliance,Y
BNK007,PRD004,2024-11-01,Nov-2024,13,89.51,Delay Penalty,N
BNK007,PRD004,2024-12-01,Dec-2024,3,25.47,Non-compliance,Y
BNK007,PRD004,2025-01-01,Jan-2025,9,64.47,Non-compliance,N
BNK007,PRD004,2025-02-01,Feb-2025,9,44.33,SLA Breach,N
BNK007,PRD004,2025-03-01,Mar-2025,6,13.5,Delay Penalty,Y
BNK007,PRD005,2024-04-01,Apr-2024,5,6.34,Delay Penalty,Y
BNK007,PRD005,2024-05-01,May-2024,14,128.47,Reporting Delay,Y
BNK007,PRD005,2024-06-01,Jun-2024,6,18.33,SLA Breach,Y
BNK007,PRD005,2024-07-01,Jul-2024,11,75.65,SLA Breach,Y
BNK007,PRD005,2024-08-01,Aug-2024,2,9.72,SLA Breach,Y
BNK007,PRD005,2024-09-01,Sep-2024,11,97.68,Delay Penalty,Y
BNK007,PRD005,2024-10-01,Oct-2024,11,37.26,SLA Breach,Y
BNK007,PRD005,2024-11-01,Nov-2024,6,29.94,Reporting Delay,Y
BNK007,PRD005,2024-12-01,Dec-2024,5,41.58,Non-compliance,N
BNK007,PRD005,2025-01-01,Jan-2025,6,7.46,Reporting Delay,N
BNK007,PRD005,2025-02-01,Feb-2025,11,90.24,Reporting Delay,Y
BNK007,PRD005,2025-03-01,Mar-2025,12,33.42,SLA Breach,N
BNK008,PRD001,2024-04-01,Apr-2024,1,7.55,Reporting Delay,N
BNK008,PRD001,2024-05-01,May-2024,8,75.44,SLA Breach,Y
BNK008,PRD001,2024-06-01,Jun-2024,7,34.01,Non-compliance,N
BNK008,PRD001,2024-07-01,Jul-2024,11,91.52,Delay Penalty,Y
BNK008,PRD001,2024-08-01,Aug-2024,10,25.65,SLA Breach,N
BNK008,PRD001,2024-09-01,Sep-2024,14,47.16,Reporting Delay,N
BNK008,PRD001,2024-10-01,Oct-2024,2,9.06,Non-compliance,Y
BNK008,PRD001,2024-11-01,Nov-2024,4,27.84,Delay Penalty,N
BNK008,PRD001,2024-12-01,Dec-2024,6,8.52,SLA Breach,Y
BNK008,PRD001,2025-01-01,Jan-2025,9,13.24,Non-compliance,Y
BNK008,PRD001,2025-02-01,Feb-2025,7,10.99,Reporting Delay,N
BNK008,PRD001,2025-03-01,Mar-2025,3,27.81,SLA Breach,N
BNK008,PRD002,2024-04-01,Apr-2024,0,0.0,None,Y
BNK008,PRD002,2024-05-01,May-2024,5,48.91,Reporting Delay,N
BNK008,PRD002,2024-06-01,Jun-2024,13,33.23,Non-compliance,Y
BNK008,PRD002,2024-07-01,Jul-2024,0,0.0,None,N
BNK008,PRD002,2024-08-01,Aug-2024,10,92.45,Non-compliance,N
BNK008,PRD002,2024-09-01,Sep-2024,10,70.56,Delay Penalty,Y
BNK008,PRD002,2024-10-01,Oct-2024,8,17.77,Non-compliance,Y
BNK008,PRD002,2024-11-01,Nov-2024,9,18.84,Delay Penalty,N
BNK008,PRD002,2024-12-01,Dec-2024,4,10.48,Delay Penalty,Y
BNK008,PRD002,2025-01-01,Jan-2025,13,12.66,Non-compliance,Y
BNK008,PRD002,2025-02-01,Feb-2025,1,4.79,Non-compliance,Y
BNK008,PRD002,2025-03-01,Mar-2025,4,6.71,Non-compliance,Y
BNK008,PRD003,2024-04-01,Apr-2024,1,1.59,Reporting Delay,Y
BNK008,PRD003,2024-05-01,May-2024,12,60.77,Reporting Delay,Y
BNK008,PRD003,2024-06-01,Jun-2024,12,60.39,SLA Breach,N
BNK008,PRD003,2024-07-01,Jul-2024,9,9.36,Non-compliance,Y
BNK008,PRD003,2024-08-01,Aug-2024,1,1.68,SLA Breach,N
BNK008,PRD003,2024-09-01,Sep-2024,11,108.73,SLA Breach,Y
BNK008,PRD003,2024-10-01,Oct-2024,8,44.62,Delay Penalty,Y
BNK008,PRD003,2024-11-01,Nov-2024,6,31.07,SLA Breach,N
BNK008,PRD003,2024-12-01,Dec-2024,12,16.8,Reporting Delay,Y
BNK008,PRD003,2025-01-01,Jan-2025,12,25.17,Reporting Delay,Y
BNK008,PRD003,2025-02-01,Feb-2025,12,57.14,Non-compliance,N
BNK008,PRD003,2025-03-01,Mar-2025,1,6.17,Reporting Delay,Y
BNK008,PRD004,2024-04-01,Apr-2024,7,40.78,Delay Penalty,Y
BNK008,PRD004,2024-05-01,May-2024,8,71.76,Delay Penalty,N
BNK008,PRD004,2024-06-01,Jun-2024,7,66.53,Delay Penalty,Y
BNK008,PRD004,2024-07-01,Jul-2024,11,72.69,Delay Penalty,N
BNK008,PRD004,2024-08-01,Aug-2024,1,9.92,SLA Breach,Y
BNK008,PRD004,2024-09-01,Sep-2024,11,78.19,Delay Penalty,N
BNK008,PRD004,2024-10-01,Oct-2024,3,29.53,Non-compliance,N
BNK008,PRD004,2024-11-01,Nov-2024,13,105.59,Non-compliance,Y
BNK008,PRD004,2024-12-01,Dec-2024,7,60.76,SLA Breach,Y
BNK008,PRD004,2025-01-01,Jan-2025,8,61.33,Delay Penalty,Y
BNK008,PRD004,2025-02-01,Feb-2025,10,84.31,Non-compliance,N
BNK008,PRD004,2025-03-01,Mar-2025,10,62.13,SLA Breach,Y
BNK008,PRD005,2024-04-01,Apr-2024,7,25.64,Non-compliance,Y
BNK008,PRD005,2024-05-01,May-2024,10,90.86,Non-compliance,Y
BNK008,PRD005,2024-06-01,Jun-2024,2,17.16,Non-compliance,Y
BNK008,PRD005,2024-07-01,Jul-2024,2,7.12,SLA Breach,Y
BNK008,PRD005,2024-08-01,Aug-2024,6,18.52,Non-compliance,Y
BNK008,PRD005,2024-09-01,Sep-2024,8,70.74,SLA Breach,N
BNK008,PRD005,2024-10-01,Oct-2024,13,117.41,Delay Penalty,Y
BNK008,PRD005,2024-11-01,Nov-2024,10,43.55,Delay Penalty,Y
BNK008,PRD005,2024-12-01,Dec-2024,10,42.54,SLA Breach,Y
BNK008,PRD005,2025-01-01,Jan-2025,3,25.01,SLA Breach,Y
BNK008,PRD005,2025-02-01,Feb-2025,3,10.45,Non-compliance,Y
BNK008,PRD005,2025-03-01,Mar-2025,9,5.24,Reporting Delay,N
BNK009,PRD001,2024-04-01,Apr-2024,3,22.5,Delay Penalty,N
BNK009,PRD001,2024-05-01,May-2024,4,13.62,Reporting Delay,Y
BNK009,PRD001,2024-06-01,Jun-2024,3,27.57,Delay Penalty,Y
BNK009,PRD001,2024-07-01,Jul-2024,4,19.51,Non-compliance,Y
BNK009,PRD001,2024-08-01,Aug-2024,3,23.17,Delay Penalty,N
BNK009,PRD001,2024-09-01,Sep-2024,2,2.22,Non-compliance,Y
BNK009,PRD001,2024-10-01,Oct-2024,5,24.85,Reporting Delay,N
BNK009,PRD001,2024-11-01,Nov-2024,0,0.0,None,Y
BNK009,PRD001,2024-12-01,Dec-2024,2,5.3,SLA Breach,Y
BNK009,PRD001,2025-01-01,Jan-2025,4,8.85,Non-compliance,Y
BNK009,PRD001,2025-02-01,Feb-2025,3,22.45,SLA Breach,Y
BNK009,PRD001,2025-03-01,Mar-2025,4,21.96,Non-compliance,Y
BNK009,PRD002,2024-04-01,Apr-2024,2,18.33,Non-compliance,Y
BNK009,PRD002,2024-05-01,May-2024,2,6.86,Delay Penalty,Y
BNK009,PRD002,2024-06-01,Jun-2024,5,7.24,SLA Breach,Y
BNK009,PRD002,2024-07-01,Jul-2024,1,3.32,SLA Breach,Y
BNK009,PRD002,2024-08-01,Aug-2024,4,27.39,Non-compliance,Y
BNK009,PRD002,2024-09-01,Sep-2024,1,8.45,SLA Breach,Y
BNK009,PRD002,2024-10-01,Oct-2024,4,13.69,Reporting Delay,Y
BNK009,PRD002,2024-11-01,Nov-2024,4,37.64,Delay Penalty,N
BNK009,PRD002,2024-12-01,Dec-2024,3,29.43,Reporting Delay,Y
BNK009,PRD002,2025-01-01,Jan-2025,0,0.0,None,Y
BNK009,PRD002,2025-02-01,Feb-2025,0,0.0,None,Y
BNK009,PRD002,2025-03-01,Mar-2025,3,19.17,Delay Penalty,Y
BNK009,PRD003,2024-04-01,Apr-2024,2,7.08,Non-compliance,Y
BNK009,PRD003,2024-05-01,May-2024,5,49.53,Delay Penalty,Y
BNK009,PRD003,2024-06-01,Jun-2024,2,2.45,Delay Penalty,Y
BNK009,PRD003,2024-07-01,Jul-2024,3,10.57,SLA Breach,Y
BNK009,PRD003,2024-08-01,Aug-2024,1,5.99,Non-compliance,Y
BNK009,PRD003,2024-09-01,Sep-2024,3,6.47,Reporting Delay,N
BNK009,PRD003,2024-10-01,Oct-2024,4,18.45,Reporting Delay,Y
BNK009,PRD003,2024-11-01,Nov-2024,4,23.65,Non-compliance,Y
BNK009,PRD003,2024-12-01,Dec-2024,3,4.16,SLA Breach,Y
BNK009,PRD003,2025-01-01,Jan-2025,5,32.19,Non-compliance,Y
BNK009,PRD003,2025-02-01,Feb-2025,5,40.17,SLA Breach,Y
BNK009,PRD003,2025-03-01,Mar-2025,1,6.49,Non-compliance,Y
BNK009,PRD004,2024-04-01,Apr-2024,0,0.0,None,Y
BNK009,PRD004,2024-05-01,May-2024,3,6.85,Reporting Delay,Y
BNK009,PRD004,2024-06-01,Jun-2024,1,3.35,Non-compliance,Y
BNK009,PRD004,2024-07-01,Jul-2024,1,4.99,Delay Penalty,N
BNK009,PRD004,2024-08-01,Aug-2024,2,12.63,Delay Penalty,N
BNK009,PRD004,2024-09-01,Sep-2024,4,15.75,SLA Breach,Y
BNK009,PRD004,2024-10-01,Oct-2024,1,7.41,Non-compliance,N
BNK009,PRD004,2024-11-01,Nov-2024,5,47.37,SLA Breach,Y
BNK009,PRD004,2024-12-01,Dec-2024,0,0.0,None,Y
BNK009,PRD004,2025-01-01,Jan-2025,4,2.82,SLA Breach,Y
BNK009,PRD004,2025-02-01,Feb-2025,5,43.0,SLA Breach,Y
BNK009,PRD004,2025-03-01,Mar-2025,5,46.26,Delay Penalty,Y
BNK009,PRD005,2024-04-01,Apr-2024,3,24.49,Reporting Delay,Y
BNK009,PRD005,2024-05-01,May-2024,1,3.57,Delay Penalty,N
BNK009,PRD005,2024-06-01,Jun-2024,2,1.85,Reporting Delay,Y
BNK009,PRD005,2024-07-01,Jul-2024,4,21.88,Delay Penalty,Y
BNK009,PRD005,2024-08-01,Aug-2024,4,32.33,SLA Breach,Y
BNK009,PRD005,2024-09-01,Sep-2024,0,0.0,None,N
BNK009,PRD005,2024-10-01,Oct-2024,1,3.11,SLA Breach,N
BNK009,PRD005,2024-11-01,Nov-2024,4,21.62,Reporting Delay,N
BNK009,PRD005,2024-12-01,Dec-2024,2,11.24,SLA Breach,N
BNK009,PRD005,2025-01-01,Jan-2025,0,0.0,None,N
BNK009,PRD005,2025-02-01,Feb-2025,4,34.5,Delay Penalty,N
BNK009,PRD005,2025-03-01,Mar-2025,3,3.92,SLA Breach,N
BNK010,PRD001,2024-04-01,Apr-2024,5,6.34,Non-compliance,Y
BNK010,PRD001,2024-05-01,May-2024,4,38.14,Reporting Delay,Y
BNK010,PRD001,2024-06-01,Jun-2024,2,10.13,SLA Breach,N
BNK010,PRD001,2024-07-01,Jul-2024,2,7.19,SLA Breach,Y
BNK010,PRD001,2024-08-01,Aug-2024,3,15.9,Delay Penalty,Y
BNK010,PRD001,2024-09-01,Sep-2024,2,13.58,SLA Breach,Y
BNK010,PRD001,2024-10-01,Oct-2024,1,7.1,SLA Breach,N
BNK010,PRD001,2024-11-01,Nov-2024,3,10.84,SLA Breach,Y
BNK010,PRD001,2024-12-01,Dec-2024,4,2.63,SLA Breach,N
BNK010,PRD001,2025-01-01,Jan-2025,2,14.44,Non-compliance,N
BNK010,PRD001,2025-02-01,Feb-2025,2,1.87,SLA Breach,Y
BNK010,PRD001,2025-03-01,Mar-2025,4,18.52,Reporting Delay,Y
BNK010,PRD002,2024-04-01,Apr-2024,5,40.57,Delay Penalty,Y
BNK010,PRD002,2024-05-01,May-2024,5,42.61,SLA Breach,Y
BNK010,PRD002,2024-06-01,Jun-2024,5,34.92,Non-compliance,Y
BNK010,PRD002,2024-07-01,Jul-2024,5,49.95,Reporting Delay,Y
BNK010,PRD002,2024-08-01,Aug-2024,4,35.23,SLA Breach,Y
BNK010,PRD002,2024-09-01,Sep-2024,3,23.18,Non-compliance,Y
BNK010,PRD002,2024-10-01,Oct-2024,3,23.12,Reporting Delay,Y
BNK010,PRD002,2024-11-01,Nov-2024,4,9.44,SLA Breach,Y
BNK010,PRD002,2024-12-01,Dec-2024,0,0.0,None,Y
BNK010,PRD002,2025-01-01,Jan-2025,4,34.31,Non-compliance,N
BNK010,PRD002,2025-02-01,Feb-2025,3,12.26,SLA Breach,Y
BNK010,PRD002,2025-03-01,Mar-2025,5,31.49,Non-compliance,Y
BNK010,PRD003,2024-04-01,Apr-2024,4,26.42,SLA Breach,Y
BNK010,PRD003,2024-05-01,May-2024,5,45.43,Reporting Delay,N
BNK010,PRD003,2024-06-01,Jun-2024,2,8.14,Reporting Delay,Y
BNK010,PRD003,2024-07-01,Jul-2024,5,20.9,Reporting Delay,Y
BNK010,PRD003,2024-08-01,Aug-2024,0,0.0,None,N
BNK010,PRD003,2024-09-01,Sep-2024,1,3.39,SLA Breach,Y
BNK010,PRD003,2024-10-01,Oct-2024,3,8.86,Reporting Delay,Y
BNK010,PRD003,2024-11-01,Nov-2024,1,5.6,Non-compliance,Y
BNK010,PRD003,2024-12-01,Dec-2024,1,4.68,Reporting Delay,Y
BNK010,PRD003,2025-01-01,Jan-2025,2,17.0,Delay Penalty,N
BNK010,PRD003,2025-02-01,Feb-2025,5,42.31,Reporting Delay,Y
BNK010,PRD003,2025-03-01,Mar-2025,1,3.89,Reporting Delay,N
BNK010,PRD004,2024-04-01,Apr-2024,1,4.43,Non-compliance,N
BNK010,PRD004,2024-05-01,May-2024,1,4.23,SLA Breach,Y
BNK010,PRD004,2024-06-01,Jun-2024,3,27.2,Reporting Delay,N
BNK010,PRD004,2024-07-01,Jul-2024,1,5.21,SLA Breach,Y
BNK010,PRD004,2024-08-01,Aug-2024,4,26.7,SLA Breach,Y
BNK010,PRD004,2024-09-01,Sep-2024,0,0.0,None,Y
BNK010,PRD004,2024-10-01,Oct-2024,2,9.73,SLA Breach,Y
BNK010,PRD004,2024-11-01,Nov-2024,5,39.74,Reporting Delay,N
BNK010,PRD004,2024-12-01,Dec-2024,2,11.59,SLA Breach,Y
BNK010,PRD004,2025-01-01,Jan-2025,1,1.93,Reporting Delay,N
BNK010,PRD004,2025-02-01,Feb-2025,2,2.53,Reporting Delay,Y
BNK010,PRD004,2025-03-01,Mar-2025,1,1.34,SLA Breach,N
BNK010,PRD005,2024-04-01,Apr-2024,4,26.77,Non-compliance,Y
BNK010,PRD005,2024-05-01,May-2024,3,3.16,Delay Penalty,Y
BNK010,PRD005,2024-06-01,Jun-2024,3,9.42,Delay Penalty,N
BNK010,PRD005,2024-07-01,Jul-2024,2,7.78,Non-compliance,Y
BNK010,PRD005,2024-08-01,Aug-2024,4,29.45,SLA Breach,Y
BNK010,PRD005,2024-09-01,Sep-2024,3,28.82,SLA Breach,N
BNK010,PRD005,2024-10-01,Oct-2024,2,7.5,Non-compliance,Y
BNK010,PRD005,2024-11-01,Nov-2024,5,8.68,Reporting Delay,N
BNK010,PRD005,2024-12-01,Dec-2024,5,32.49,Delay Penalty,Y
BNK010,PRD005,2025-01-01,Jan-2025,1,0.77,Delay Penalty,Y
BNK010,PRD005,2025-02-01,Feb-2025,0,0.0,None,Y
BNK010,PRD005,2025-03-01,Mar-2025,3,22.97,SLA Breach,N
BNK011,PRD001,2024-04-01,Apr-2024,0,0.0,None,N
BNK011,PRD001,2024-05-01,May-2024,5,49.7,Delay Penalty,Y
BNK011,PRD001,2024-06-01,Jun-2024,4,14.09,Non-compliance,N
BNK011,PRD001,2024-07-01,Jul-2024,4,12.51,Reporting Delay,Y
BNK011,PRD001,2024-08-01,Aug-2024,1,3.41,Reporting Delay,N
BNK011,PRD001,2024-09-01,Sep-2024,5,26.76,Reporting Delay,N
BNK011,PRD001,2024-10-01,Oct-2024,4,12.67,Reporting Delay,N
BNK011,PRD001,2024-11-01,Nov-2024,2,13.37,Reporting Delay,Y
BNK011,PRD001,2024-12-01,Dec-2024,4,2.6,SLA Breach,Y
BNK011,PRD001,2025-01-01,Jan-2025,2,7.52,SLA Breach,Y
BNK011,PRD001,2025-02-01,Feb-2025,3,19.14,SLA Breach,Y
BNK011,PRD001,2025-03-01,Mar-2025,4,28.28,Delay Penalty,Y
BNK011,PRD002,2024-04-01,Apr-2024,3,6.8,Reporting Delay,Y
BNK011,PRD002,2024-05-01,May-2024,5,17.49,Reporting Delay,Y
BNK011,PRD002,2024-06-01,Jun-2024,3,13.54,Non-compliance,Y
BNK011,PRD002,2024-07-01,Jul-2024,1,3.87,Non-compliance,Y
BNK011,PRD002,2024-08-01,Aug-2024,3,12.22,SLA Breach,N
BNK011,PRD002,2024-09-01,Sep-2024,1,8.74,Non-compliance,Y
BNK011,PRD002,2024-10-01,Oct-2024,1,7.47,SLA Breach,Y
BNK011,PRD002,2024-11-01,Nov-2024,1,3.34,SLA Breach,Y
BNK011,PRD002,2024-12-01,Dec-2024,0,0.0,None,Y
BNK011,PRD002,2025-01-01,Jan-2025,1,0.66,Non-compliance,Y
BNK011,PRD002,2025-02-01,Feb-2025,4,20.27,Non-compliance,Y
BNK011,PRD002,2025-03-01,Mar-2025,5,28.02,Reporting Delay,N
BNK011,PRD003,2024-04-01,Apr-2024,1,8.74,Reporting Delay,N
BNK011,PRD003,2024-05-01,May-2024,1,2.44,Non-compliance,Y
BNK011,PRD003,2024-06-01,Jun-2024,0,0.0,None,Y
BNK011,PRD003,2024-07-01,Jul-2024,0,0.0,None,Y
BNK011,PRD003,2024-08-01,Aug-2024,1,9.47,Reporting Delay,Y
BNK011,PRD003,2024-09-01,Sep-2024,3,3.74,Non-compliance,Y
BNK011,PRD003,2024-10-01,Oct-2024,3,21.27,Reporting Delay,Y
BNK011,PRD003,2024-11-01,Nov-2024,2,12.83,Delay Penalty,Y
BNK011,PRD003,2024-12-01,Dec-2024,4,27.74,Delay Penalty,Y
BNK011,PRD003,2025-01-01,Jan-2025,5,28.82,Reporting Delay,Y
BNK011,PRD003,2025-02-01,Feb-2025,2,10.86,Delay Penalty,N
BNK011,PRD003,2025-03-01,Mar-2025,2,15.4,Non-compliance,Y
BNK011,PRD004,2024-04-01,Apr-2024,3,28.36,Delay Penalty,Y
BNK011,PRD004,2024-05-01,May-2024,1,7.74,Delay Penalty,Y
BNK011,PRD004,2024-06-01,Jun-2024,4,39.72,Delay Penalty,Y
BNK011,PRD004,2024-07-01,Jul-2024,5,11.48,Non-compliance,Y
BNK011,PRD004,2024-08-01,Aug-2024,1,1.99,SLA Breach,N
BNK011,PRD004,2024-09-01,Sep-2024,4,11.2,Delay Penalty,Y
BNK011,PRD004,2024-10-01,Oct-2024,1,5.39,Non-compliance,N
BNK011,PRD004,2024-11-01,Nov-2024,5,16.52,Delay Penalty,Y
BNK011,PRD004,2024-12-01,Dec-2024,4,5.35,Non-compliance,Y
BNK011,PRD004,2025-01-01,Jan-2025,1,6.59,SLA Breach,Y
BNK011,PRD004,2025-02-01,Feb-2025,5,47.73,SLA Breach,Y
BNK011,PRD004,2025-03-01,Mar-2025,0,0.0,None,Y
BNK011,PRD005,2024-04-01,Apr-2024,1,4.77,Delay Penalty,Y
BNK011,PRD005,2024-05-01,May-2024,5,31.79,Reporting Delay,Y
BNK011,PRD005,2024-06-01,Jun-2024,3,10.14,SLA Breach,Y
BNK011,PRD005,2024-07-01,Jul-2024,2,15.09,Reporting Delay,Y
BNK011,PRD005,2024-08-01,Aug-2024,4,13.61,SLA Breach,Y
BNK011,PRD005,2024-09-01,Sep-2024,4,30.2,Non-compliance,Y
BNK011,PRD005,2024-10-01,Oct-2024,0,0.0,None,Y
BNK011,PRD005,2024-11-01,Nov-2024,2,2.05,SLA Breach,Y
BNK011,PRD005,2024-12-01,Dec-2024,5,46.07,Delay Penalty,Y
BNK011,PRD005,2025-01-01,Jan-2025,2,2.99,Reporting Delay,N
BNK011,PRD005,2025-02-01,Feb-2025,4,5.54,Delay Penalty,Y
BNK011,PRD005,2025-03-01,Mar-2025,0,0.0,None,Y
BNK012,PRD001,2024-04-01,Apr-2024,2,3.69,Non-compliance,Y
BNK012,PRD001,2024-05-01,May-2024,4,26.05,Reporting Delay,Y
BNK012,PRD001,2024-06-01,Jun-2024,5,21.6,Reporting Delay,N
BNK012,PRD001,2024-07-01,Jul-2024,5,3.95,Non-compliance,Y
BNK012,PRD001,2024-08-01,Aug-2024,2,16.19,Delay Penalty,Y
BNK012,PRD001,2024-09-01,Sep-2024,0,0.0,None,Y
BNK012,PRD001,2024-10-01,Oct-2024,3,19.57,SLA Breach,N
BNK012,PRD001,2024-11-01,Nov-2024,0,0.0,None,N
BNK012,PRD001,2024-12-01,Dec-2024,0,0.0,None,Y
BNK012,PRD001,2025-01-01,Jan-2025,0,0.0,None,N
BNK012,PRD001,2025-02-01,Feb-2025,5,15.2,SLA Breach,N
BNK012,PRD001,2025-03-01,Mar-2025,4,11.66,Non-compliance,N
BNK012,PRD002,2024-04-01,Apr-2024,5,9.38,SLA Breach,Y
BNK012,PRD002,2024-05-01,May-2024,1,2.27,Delay Penalty,Y
BNK012,PRD002,2024-06-01,Jun-2024,4,21.45,Delay Penalty,Y
BNK012,PRD002,2024-07-01,Jul-2024,5,47.52,Reporting Delay,Y
BNK012,PRD002,2024-08-01,Aug-2024,4,3.67,Delay Penalty,Y
BNK012,PRD002,2024-09-01,Sep-2024,4,33.61,SLA Breach,Y
BNK012,PRD002,2024-10-01,Oct-2024,2,7.81,SLA Breach,N
BNK012,PRD002,2024-11-01,Nov-2024,1,9.57,Reporting Delay,Y
BNK012,PRD002,2024-12-01,Dec-2024,0,0.0,None,Y
BNK012,PRD002,2025-01-01,Jan-2025,5,32.64,SLA Breach,N
BNK012,PRD002,2025-02-01,Feb-2025,2,14.07,Non-compliance,Y
BNK012,PRD002,2025-03-01,Mar-2025,0,0.0,None,Y
BNK012,PRD003,2024-04-01,Apr-2024,2,3.56,Reporting Delay,N
BNK012,PRD003,2024-05-01,May-2024,4,16.47,Reporting Delay,Y
BNK012,PRD003,2024-06-01,Jun-2024,0,0.0,None,Y
BNK012,PRD003,2024-07-01,Jul-2024,2,3.43,Non-compliance,Y
BNK012,PRD003,2024-08-01,Aug-2024,5,49.63,Non-compliance,N
BNK012,PRD003,2024-09-01,Sep-2024,0,0.0,None,Y
BNK012,PRD003,2024-10-01,Oct-2024,3,14.25,Delay Penalty,Y
BNK012,PRD003,2024-11-01,Nov-2024,1,0.66,SLA Breach,Y
BNK012,PRD003,2024-12-01,Dec-2024,4,29.75,SLA Breach,Y
BNK012,PRD003,2025-01-01,Jan-2025,3,28.6,SLA Breach,Y
BNK012,PRD003,2025-02-01,Feb-2025,0,0.0,None,Y
BNK012,PRD003,2025-03-01,Mar-2025,1,8.18,Delay Penalty,Y
BNK012,PRD004,2024-04-01,Apr-2024,1,4.68,Non-compliance,Y
BNK012,PRD004,2024-05-01,May-2024,5,47.97,Reporting Delay,N
BNK012,PRD004,2024-06-01,Jun-2024,1,1.03,SLA Breach,Y
BNK012,PRD004,2024-07-01,Jul-2024,0,0.0,None,N
BNK012,PRD004,2024-08-01,Aug-2024,0,0.0,None,N
BNK012,PRD004,2024-09-01,Sep-2024,4,22.09,Reporting Delay,Y
BNK012,PRD004,2024-10-01,Oct-2024,2,13.56,Non-compliance,Y
BNK012,PRD004,2024-11-01,Nov-2024,4,37.69,Non-compliance,Y
BNK012,PRD004,2024-12-01,Dec-2024,3,6.2,Delay Penalty,Y
BNK012,PRD004,2025-01-01,Jan-2025,3,5.9,SLA Breach,Y
BNK012,PRD004,2025-02-01,Feb-2025,0,0.0,None,Y
BNK012,PRD004,2025-03-01,Mar-2025,2,14.82,Reporting Delay,N
BNK012,PRD005,2024-04-01,Apr-2024,5,32.86,Delay Penalty,N
BNK012,PRD005,2024-05-01,May-2024,1,8.12,Non-compliance,N
BNK012,PRD005,2024-06-01,Jun-2024,5,37.37,SLA Breach,N
BNK012,PRD005,2024-07-01,Jul-2024,2,2.51,SLA Breach,Y
BNK012,PRD005,2024-08-01,Aug-2024,0,0.0,None,Y
BNK012,PRD005,2024-09-01,Sep-2024,4,28.95,Non-compliance,N
BNK012,PRD005,2024-10-01,Oct-2024,1,7.23,SLA Breach,Y
BNK012,PRD005,2024-11-01,Nov-2024,5,5.56,SLA Breach,N
BNK012,PRD005,2024-12-01,Dec-2024,4,39.34,Non-compliance,N
BNK012,PRD005,2025-01-01,Jan-2025,2,15.45,Delay Penalty,N
BNK012,PRD005,2025-02-01,Feb-2025,2,7.36,SLA Breach,N
BNK012,PRD005,2025-03-01,Mar-2025,2,7.05,SLA Breach,N
BNK013,PRD001,2024-04-01,Apr-2024,1,1.56,Reporting Delay,N
BNK013,PRD001,2024-05-01,May-2024,3,13.66,Delay Penalty,Y
BNK013,PRD001,2024-06-01,Jun-2024,3,7.39,Non-compliance,Y
BNK013,PRD001,2024-07-01,Jul-2024,5,21.31,Non-compliance,Y
BNK013,PRD001,2024-08-01,Aug-2024,0,0.0,None,N
BNK013,PRD001,2024-09-01,Sep-2024,3,5.92,SLA Breach,Y
BNK013,PRD001,2024-10-01,Oct-2024,0,0.0,None,Y
BNK013,PRD001,2024-11-01,Nov-2024,1,6.8,Non-compliance,N
BNK013,PRD001,2024-12-01,Dec-2024,2,11.51,SLA Breach,N
BNK013,PRD001,2025-01-01,Jan-2025,3,2.91,Delay Penalty,Y
BNK013,PRD001,2025-02-01,Feb-2025,1,8.04,Non-compliance,Y
BNK013,PRD001,2025-03-01,Mar-2025,3,3.55,SLA Breach,Y
BNK013,PRD002,2024-04-01,Apr-2024,2,5.6,Reporting Delay,N
BNK013,PRD002,2024-05-01,May-2024,5,25.58,SLA Breach,Y
BNK013,PRD002,2024-06-01,Jun-2024,1,4.46,Delay Penalty,Y
BNK013,PRD002,2024-07-01,Jul-2024,1,1.97,Reporting Delay,Y
BNK013,PRD002,2024-08-01,Aug-2024,3,13.97,SLA Breach,N
BNK013,PRD002,2024-09-01,Sep-2024,3,5.43,Non-compliance,Y
BNK013,PRD002,2024-10-01,Oct-2024,3,22.86,Reporting Delay,Y
BNK013,PRD002,2024-11-01,Nov-2024,3,3.29,Non-compliance,Y
BNK013,PRD002,2024-12-01,Dec-2024,2,15.04,Non-compliance,Y
BNK013,PRD002,2025-01-01,Jan-2025,4,8.49,Delay Penalty,Y
BNK013,PRD002,2025-02-01,Feb-2025,5,36.83,Non-compliance,Y
BNK013,PRD002,2025-03-01,Mar-2025,5,34.49,Reporting Delay,Y
BNK013,PRD003,2024-04-01,Apr-2024,5,28.58,Delay Penalty,Y
BNK013,PRD003,2024-05-01,May-2024,2,8.92,Non-compliance,Y
BNK013,PRD003,2024-06-01,Jun-2024,2,13.19,SLA Breach,Y
BNK013,PRD003,2024-07-01,Jul-2024,4,2.1,Delay Penalty,N
BNK013,PRD003,2024-08-01,Aug-2024,4,5.12,Delay Penalty,Y
BNK013,PRD003,2024-09-01,Sep-2024,2,8.12,Delay Penalty,Y
BNK013,PRD003,2024-10-01,Oct-2024,3,21.11,SLA Breach,Y
BNK013,PRD003,2024-11-01,Nov-2024,4,24.95,Non-compliance,Y
BNK013,PRD003,2024-12-01,Dec-2024,1,1.45,SLA Breach,Y
BNK013,PRD003,2025-01-01,Jan-2025,3,20.68,Non-compliance,Y
BNK013,PRD003,2025-02-01,Feb-2025,3,15.06,Reporting Delay,N
BNK013,PRD003,2025-03-01,Mar-2025,2,8.21,SLA Breach,Y
BNK013,PRD004,2024-04-01,Apr-2024,2,7.87,SLA Breach,Y
BNK013,PRD004,2024-05-01,May-2024,3,21.69,SLA Breach,Y
BNK013,PRD004,2024-06-01,Jun-2024,5,23.02,Reporting Delay,N
BNK013,PRD004,2024-07-01,Jul-2024,0,0.0,None,Y
BNK013,PRD004,2024-08-01,Aug-2024,5,36.98,SLA Breach,Y
BNK013,PRD004,2024-09-01,Sep-2024,2,18.99,Non-compliance,Y
BNK013,PRD004,2024-10-01,Oct-2024,5,18.92,SLA Breach,N
BNK013,PRD004,2024-11-01,Nov-2024,2,19.89,Delay Penalty,Y
BNK013,PRD004,2024-12-01,Dec-2024,0,0.0,None,Y
BNK013,PRD004,2025-01-01,Jan-2025,2,17.32,SLA Breach,Y
BNK013,PRD004,2025-02-01,Feb-2025,1,1.18,SLA Breach,N
BNK013,PRD004,2025-03-01,Mar-2025,0,0.0,None,Y
BNK013,PRD005,2024-04-01,Apr-2024,2,10.51,Reporting Delay,Y
BNK013,PRD005,2024-05-01,May-2024,0,0.0,None,N
BNK013,PRD005,2024-06-01,Jun-2024,1,4.24,SLA Breach,Y
BNK013,PRD005,2024-07-01,Jul-2024,2,12.77,SLA Breach,Y
BNK013,PRD005,2024-08-01,Aug-2024,1,1.87,SLA Breach,Y
BNK013,PRD005,2024-09-01,Sep-2024,2,1.34,SLA Breach,N
BNK013,PRD005,2024-10-01,Oct-2024,4,13.45,Reporting Delay,Y
BNK013,PRD005,2024-11-01,Nov-2024,5,7.14,Reporting Delay,N
BNK013,PRD005,2024-12-01,Dec-2024,0,0.0,None,Y
BNK013,PRD005,2025-01-01,Jan-2025,3,4.85,Non-compliance,N
BNK013,PRD005,2025-02-01,Feb-2025,1,2.53,SLA Breach,N
BNK013,PRD005,2025-03-01,Mar-2025,0,0.0,None,Y
BNK014,PRD001,2024-04-01,Apr-2024,0,0.0,None,N
BNK014,PRD001,2024-05-01,May-2024,1,1.41,Reporting Delay,N
BNK014,PRD001,2024-06-01,Jun-2024,2,16.33,Non-compliance,Y
BNK014,PRD001,2024-07-01,Jul-2024,0,0.0,None,Y
BNK014,PRD001,2024-08-01,Aug-2024,1,9.95,Non-compliance,N
BNK014,PRD001,2024-09-01,Sep-2024,2,8.08,Reporting Delay,Y
BNK014,PRD001,2024-10-01,Oct-2024,0,0.0,None,N
BNK014,PRD001,2024-11-01,Nov-2024,0,0.0,None,Y
BNK014,PRD001,2024-12-01,Dec-2024,1,0.8,Delay Penalty,Y
BNK014,PRD001,2025-01-01,Jan-2025,1,0.84,Reporting Delay,N
BNK014,PRD001,2025-02-01,Feb-2025,1,6.64,Delay Penalty,N
BNK014,PRD001,2025-03-01,Mar-2025,1,7.16,Non-compliance,Y
BNK014,PRD002,2024-04-01,Apr-2024,0,0.0,None,Y
BNK014,PRD002,2024-05-01,May-2024,0,0.0,None,Y
BNK014,PRD002,2024-06-01,Jun-2024,1,7.82,Reporting Delay,N
BNK014,PRD002,2024-07-01,Jul-2024,1,2.87,Non-compliance,N
BNK014,PRD002,2024-08-01,Aug-2024,1,2.78,SLA Breach,N
BNK014,PRD002,2024-09-01,Sep-2024,0,0.0,None,Y
BNK014,PRD002,2024-10-01,Oct-2024,0,0.0,None,Y
BNK014,PRD002,2024-11-01,Nov-2024,2,19.37,Non-compliance,Y
BNK014,PRD002,2024-12-01,Dec-2024,2,15.31,Delay Penalty,Y
BNK014,PRD002,2025-01-01,Jan-2025,0,0.0,None,N
BNK014,PRD002,2025-02-01,Feb-2025,2,6.89,Reporting Delay,Y
BNK014,PRD002,2025-03-01,Mar-2025,2,5.31,Reporting Delay,Y
BNK014,PRD003,2024-04-01,Apr-2024,0,0.0,None,N
BNK014,PRD003,2024-05-01,May-2024,1,8.29,Delay Penalty,Y
BNK014,PRD003,2024-06-01,Jun-2024,1,0.71,Delay Penalty,Y
BNK014,PRD003,2024-07-01,Jul-2024,2,13.8,Non-compliance,Y
BNK014,PRD003,2024-08-01,Aug-2024,2,9.3,SLA Breach,Y
BNK014,PRD003,2024-09-01,Sep-2024,1,0.74,Non-compliance,Y
BNK014,PRD003,2024-10-01,Oct-2024,0,0.0,None,N
BNK014,PRD003,2024-11-01,Nov-2024,0,0.0,None,Y
BNK014,PRD003,2024-12-01,Dec-2024,2,16.2,Non-compliance,N
BNK014,PRD003,2025-01-01,Jan-2025,1,6.04,Delay Penalty,Y
BNK014,PRD003,2025-02-01,Feb-2025,2,19.18,Non-compliance,Y
BNK014,PRD003,2025-03-01,Mar-2025,0,0.0,None,Y
BNK014,PRD004,2024-04-01,Apr-2024,2,16.3,Delay Penalty,Y
BNK014,PRD004,2024-05-01,May-2024,1,8.0,Non-compliance,Y
BNK014,PRD004,2024-06-01,Jun-2024,2,17.44,Reporting Delay,Y
BNK014,PRD004,2024-07-01,Jul-2024,1,3.01,SLA Breach,N
BNK014,PRD004,2024-08-01,Aug-2024,2,14.3,Non-compliance,Y
BNK014,PRD004,2024-09-01,Sep-2024,2,7.02,SLA Breach,Y
BNK014,PRD004,2024-10-01,Oct-2024,0,0.0,None,Y
BNK014,PRD004,2024-11-01,Nov-2024,0,0.0,None,N
BNK014,PRD004,2024-12-01,Dec-2024,0,0.0,None,Y
BNK014,PRD004,2025-01-01,Jan-2025,0,0.0,None,Y
BNK014,PRD004,2025-02-01,Feb-2025,2,5.11,Reporting Delay,Y
BNK014,PRD004,2025-03-01,Mar-2025,2,11.2,SLA Breach,N
BNK014,PRD005,2024-04-01,Apr-2024,2,5.94,Non-compliance,Y
BNK014,PRD005,2024-05-01,May-2024,0,0.0,None,Y
BNK014,PRD005,2024-06-01,Jun-2024,0,0.0,None,Y
BNK014,PRD005,2024-07-01,Jul-2024,2,3.11,Reporting Delay,Y
BNK014,PRD005,2024-08-01,Aug-2024,1,9.16,Delay Penalty,Y
BNK014,PRD005,2024-09-01,Sep-2024,0,0.0,None,N
BNK014,PRD005,2024-10-01,Oct-2024,2,9.91,Reporting Delay,Y
BNK014,PRD005,2024-11-01,Nov-2024,2,1.2,Reporting Delay,N
BNK014,PRD005,2024-12-01,Dec-2024,1,9.73,Non-compliance,N
BNK014,PRD005,2025-01-01,Jan-2025,1,7.53,SLA Breach,Y
BNK014,PRD005,2025-02-01,Feb-2025,1,6.71,Delay Penalty,N
BNK014,PRD005,2025-03-01,Mar-2025,0,0.0,None,Y
BNK015,PRD001,2024-04-01,Apr-2024,0,0.0,None,N
BNK015,PRD001,2024-05-01,May-2024,3,20.22,Delay Penalty,N
BNK015,PRD001,2024-06-01,Jun-2024,4,10.45,Non-compliance,Y
BNK015,PRD001,2024-07-01,Jul-2024,2,6.65,SLA Breach,N
BNK015,PRD001,2024-08-01,Aug-2024,1,4.58,SLA Breach,Y
BNK015,PRD001,2024-09-01,Sep-2024,3,3.87,Delay Penalty,Y
BNK015,PRD001,2024-10-01,Oct-2024,4,28.02,Non-compliance,Y
BNK015,PRD001,2024-11-01,Nov-2024,2,18.32,Delay Penalty,N
BNK015,PRD001,2024-12-01,Dec-2024,3,8.04,Non-compliance,Y
BNK015,PRD001,2025-01-01,Jan-2025,4,39.93,Reporting Delay,Y
BNK015,PRD001,2025-02-01,Feb-2025,0,0.0,None,Y
BNK015,PRD001,2025-03-01,Mar-2025,3,4.35,Reporting Delay,Y
BNK015,PRD002,2024-04-01,Apr-2024,3,14.74,Delay Penalty,N
BNK015,PRD002,2024-05-01,May-2024,1,1.62,SLA Breach,Y
BNK015,PRD002,2024-06-01,Jun-2024,0,0.0,None,N
BNK015,PRD002,2024-07-01,Jul-2024,4,31.68,SLA Breach,Y
BNK015,PRD002,2024-08-01,Aug-2024,2,1.07,Non-compliance,Y
BNK015,PRD002,2024-09-01,Sep-2024,2,14.96,Delay Penalty,N
BNK015,PRD002,2024-10-01,Oct-2024,2,6.25,Delay Penalty,Y
BNK015,PRD002,2024-11-01,Nov-2024,5,46.58,Non-compliance,Y
BNK015,PRD002,2024-12-01,Dec-2024,4,15.99,Non-compliance,Y
BNK015,PRD002,2025-01-01,Jan-2025,1,8.47,Delay Penalty,Y
BNK015,PRD002,2025-02-01,Feb-2025,2,9.52,SLA Breach,Y
BNK015,PRD002,2025-03-01,Mar-2025,2,7.42,SLA Breach,N
BNK015,PRD003,2024-04-01,Apr-2024,3,23.49,SLA Breach,Y
BNK015,PRD003,2024-05-01,May-2024,0,0.0,None,Y
BNK015,PRD003,2024-06-01,Jun-2024,1,9.12,Delay Penalty,Y
BNK015,PRD003,2024-07-01,Jul-2024,5,14.12,Delay Penalty,Y
BNK015,PRD003,2024-08-01,Aug-2024,2,19.08,Reporting Delay,Y
BNK015,PRD003,2024-09-01,Sep-2024,5,18.6,Reporting Delay,Y
BNK015,PRD003,2024-10-01,Oct-2024,2,10.37,Reporting Delay,Y
BNK015,PRD003,2024-11-01,Nov-2024,1,3.78,Reporting Delay,Y
BNK015,PRD003,2024-12-01,Dec-2024,5,16.91,Non-compliance,Y
BNK015,PRD003,2025-01-01,Jan-2025,5,35.69,Delay Penalty,Y
BNK015,PRD003,2025-02-01,Feb-2025,0,0.0,None,Y
BNK015,PRD003,2025-03-01,Mar-2025,4,25.99,SLA Breach,Y
BNK015,PRD004,2024-04-01,Apr-2024,1,4.16,SLA Breach,Y
BNK015,PRD004,2024-05-01,May-2024,4,19.23,Reporting Delay,N
BNK015,PRD004,2024-06-01,Jun-2024,2,13.68,Delay Penalty,Y
BNK015,PRD004,2024-07-01,Jul-2024,2,5.26,SLA Breach,N
BNK015,PRD004,2024-08-01,Aug-2024,4,27.4,Non-compliance,Y
BNK015,PRD004,2024-09-01,Sep-2024,3,14.96,Non-compliance,Y
BNK015,PRD004,2024-10-01,Oct-2024,1,2.18,Reporting Delay,N
BNK015,PRD004,2024-11-01,Nov-2024,1,7.67,Reporting Delay,Y
BNK015,PRD004,2024-12-01,Dec-2024,5,18.66,Delay Penalty,Y
BNK015,PRD004,2025-01-01,Jan-2025,3,27.06,Delay Penalty,Y
BNK015,PRD004,2025-02-01,Feb-2025,4,39.36,Non-compliance,Y
BNK015,PRD004,2025-03-01,Mar-2025,3,29.74,Reporting Delay,Y
BNK015,PRD005,2024-04-01,Apr-2024,5,42.64,Non-compliance,N
BNK015,PRD005,2024-05-01,May-2024,0,0.0,None,Y
BNK015,PRD005,2024-06-01,Jun-2024,4,29.29,SLA Breach,N
BNK015,PRD005,2024-07-01,Jul-2024,2,3.23,Delay Penalty,Y
BNK015,PRD005,2024-08-01,Aug-2024,2,19.87,Reporting Delay,N
BNK015,PRD005,2024-09-01,Sep-2024,1,4.77,SLA Breach,Y
BNK015,PRD005,2024-10-01,Oct-2024,2,9.77,Reporting Delay,Y
BNK015,PRD005,2024-11-01,Nov-2024,0,0.0,None,Y
BNK015,PRD005,2024-12-01,Dec-2024,1,3.71,Delay Penalty,Y
BNK015,PRD005,2025-01-01,Jan-2025,3,18.85,SLA Breach,N
BNK015,PRD005,2025-02-01,Feb-2025,3,11.44,Reporting Delay,Y
BNK015,PRD005,2025-03-01,Mar-2025,5,20.5,Non-compliance,N
BNK016,PRD001,2024-04-01,Apr-2024,0,0.0,None,N
BNK016,PRD001,2024-05-01,May-2024,2,10.05,Reporting Delay,N
BNK016,PRD001,2024-06-01,Jun-2024,2,9.34,SLA Breach,N
BNK016,PRD001,2024-07-01,Jul-2024,0,0.0,None,N
BNK016,PRD001,2024-08-01,Aug-2024,0,0.0,None,N
BNK016,PRD001,2024-09-01,Sep-2024,1,8.85,Reporting Delay,Y
BNK016,PRD001,2024-10-01,Oct-2024,2,2.62,Reporting Delay,Y
BNK016,PRD001,2024-11-01,Nov-2024,2,3.34,Reporting Delay,Y
BNK016,PRD001,2024-12-01,Dec-2024,0,0.0,None,N
BNK016,PRD001,2025-01-01,Jan-2025,1,9.06,Non-compliance,Y
BNK016,PRD001,2025-02-01,Feb-2025,0,0.0,None,Y
BNK016,PRD001,2025-03-01,Mar-2025,0,0.0,None,Y
BNK016,PRD002,2024-04-01,Apr-2024,0,0.0,None,N
BNK016,PRD002,2024-05-01,May-2024,2,17.9,Reporting Delay,Y
BNK016,PRD002,2024-06-01,Jun-2024,2,13.92,Delay Penalty,N
BNK016,PRD002,2024-07-01,Jul-2024,1,6.72,Non-compliance,Y
BNK016,PRD002,2024-08-01,Aug-2024,1,8.86,SLA Breach,Y
BNK016,PRD002,2024-09-01,Sep-2024,1,1.36,SLA Breach,Y
BNK016,PRD002,2024-10-01,Oct-2024,1,8.43,Delay Penalty,N
BNK016,PRD002,2024-11-01,Nov-2024,2,6.03,SLA Breach,Y
BNK016,PRD002,2024-12-01,Dec-2024,1,7.91,SLA Breach,Y
BNK016,PRD002,2025-01-01,Jan-2025,0,0.0,None,Y
BNK016,PRD002,2025-02-01,Feb-2025,0,0.0,None,Y
BNK016,PRD002,2025-03-01,Mar-2025,2,11.06,Delay Penalty,Y
BNK016,PRD003,2024-04-01,Apr-2024,0,0.0,None,Y
BNK016,PRD003,2024-05-01,May-2024,2,7.94,Delay Penalty,N
BNK016,PRD003,2024-06-01,Jun-2024,1,9.72,Reporting Delay,N
BNK016,PRD003,2024-07-01,Jul-2024,1,0.76,Non-compliance,Y
BNK016,PRD003,2024-08-01,Aug-2024,0,0.0,None,Y
BNK016,PRD003,2024-09-01,Sep-2024,0,0.0,None,Y
BNK016,PRD003,2024-10-01,Oct-2024,2,1.65,Delay Penalty,Y
BNK016,PRD003,2024-11-01,Nov-2024,1,9.66,Non-compliance,Y
BNK016,PRD003,2024-12-01,Dec-2024,1,4.98,Reporting Delay,Y
BNK016,PRD003,2025-01-01,Jan-2025,2,10.87,Non-compliance,Y
BNK016,PRD003,2025-02-01,Feb-2025,0,0.0,None,Y
BNK016,PRD003,2025-03-01,Mar-2025,1,8.07,Non-compliance,Y
BNK016,PRD004,2024-04-01,Apr-2024,1,6.83,Reporting Delay,Y
BNK016,PRD004,2024-05-01,May-2024,0,0.0,None,Y
BNK016,PRD004,2024-06-01,Jun-2024,0,0.0,None,Y
BNK016,PRD004,2024-07-01,Jul-2024,1,0.68,Delay Penalty,Y
BNK016,PRD004,2024-08-01,Aug-2024,0,0.0,None,Y
BNK016,PRD004,2024-09-01,Sep-2024,2,3.85,Delay Penalty,Y
BNK016,PRD004,2024-10-01,Oct-2024,2,14.88,Delay Penalty,Y
BNK016,PRD004,2024-11-01,Nov-2024,2,10.29,SLA Breach,Y
BNK016,PRD004,2024-12-01,Dec-2024,2,2.27,SLA Breach,N
BNK016,PRD004,2025-01-01,Jan-2025,1,6.76,Delay Penalty,Y
BNK016,PRD004,2025-02-01,Feb-2025,2,6.11,Reporting Delay,Y
BNK016,PRD004,2025-03-01,Mar-2025,2,7.07,Delay Penalty,Y
BNK016,PRD005,2024-04-01,Apr-2024,1,4.35,Reporting Delay,Y
BNK016,PRD005,2024-05-01,May-2024,0,0.0,None,Y
BNK016,PRD005,2024-06-01,Jun-2024,2,8.57,Reporting Delay,Y
BNK016,PRD005,2024-07-01,Jul-2024,0,0.0,None,Y
BNK016,PRD005,2024-08-01,Aug-2024,0,0.0,None,Y
BNK016,PRD005,2024-09-01,Sep-2024,1,5.19,Non-compliance,Y
BNK016,PRD005,2024-10-01,Oct-2024,1,7.22,Delay Penalty,N
BNK016,PRD005,2024-11-01,Nov-2024,0,0.0,None,Y
BNK016,PRD005,2024-12-01,Dec-2024,1,9.79,Non-compliance,Y
BNK016,PRD005,2025-01-01,Jan-2025,0,0.0,None,Y
BNK016,PRD005,2025-02-01,Feb-2025,2,11.1,Delay Penalty,N
BNK016,PRD005,2025-03-01,Mar-2025,0,0.0,None,Y
BNK017,PRD001,2024-04-01,Apr-2024,1,5.22,Reporting Delay,Y
BNK017,PRD001,2024-05-01,May-2024,0,0.0,None,Y
BNK017,PRD001,2024-06-01,Jun-2024,1,0.94,Non-compliance,Y
BNK017,PRD001,2024-07-01,Jul-2024,0,0.0,None,Y
BNK017,PRD001,2024-08-01,Aug-2024,2,9.55,Delay Penalty,Y
BNK017,PRD001,2024-09-01,Sep-2024,1,8.58,Reporting Delay,Y
BNK017,PRD001,2024-10-01,Oct-2024,1,6.14,Delay Penalty,Y
BNK017,PRD001,2024-11-01,Nov-2024,1,9.41,SLA Breach,Y
BNK017,PRD001,2024-12-01,Dec-2024,2,2.47,Non-compliance,N
BNK017,PRD001,2025-01-01,Jan-2025,0,0.0,None,Y
BNK017,PRD001,2025-02-01,Feb-2025,2,9.87,Reporting Delay,Y
BNK017,PRD001,2025-03-01,Mar-2025,2,3.1,SLA Breach,Y
BNK017,PRD002,2024-04-01,Apr-2024,0,0.0,None,Y
BNK017,PRD002,2024-05-01,May-2024,1,2.01,Non-compliance,Y
BNK017,PRD002,2024-06-01,Jun-2024,1,5.41,Non-compliance,Y
BNK017,PRD002,2024-07-01,Jul-2024,0,0.0,None,N
BNK017,PRD002,2024-08-01,Aug-2024,2,5.48,Reporting Delay,N
BNK017,PRD002,2024-09-01,Sep-2024,1,8.88,SLA Breach,Y
BNK017,PRD002,2024-10-01,Oct-2024,0,0.0,None,Y
BNK017,PRD002,2024-11-01,Nov-2024,2,12.83,Reporting Delay,N
BNK017,PRD002,2024-12-01,Dec-2024,0,0.0,None,N
BNK017,PRD002,2025-01-01,Jan-2025,1,1.55,Reporting Delay,Y
BNK017,PRD002,2025-02-01,Feb-2025,0,0.0,None,Y
BNK017,PRD002,2025-03-01,Mar-2025,2,12.65,Delay Penalty,Y
BNK017,PRD003,2024-04-01,Apr-2024,0,0.0,None,Y
BNK017,PRD003,2024-05-01,May-2024,1,1.69,Reporting Delay,N
BNK017,PRD003,2024-06-01,Jun-2024,2,12.9,Delay Penalty,Y
BNK017,PRD003,2024-07-01,Jul-2024,0,0.0,None,Y
BNK017,PRD003,2024-08-01,Aug-2024,1,5.04,Non-compliance,Y
BNK017,PRD003,2024-09-01,Sep-2024,2,8.7,Non-compliance,Y
BNK017,PRD003,2024-10-01,Oct-2024,1,6.14,Delay Penalty,Y
BNK017,PRD003,2024-11-01,Nov-2024,1,6.2,Delay Penalty,Y
BNK017,PRD003,2024-12-01,Dec-2024,2,6.1,Delay Penalty,Y
BNK017,PRD003,2025-01-01,Jan-2025,2,3.82,Non-compliance,Y
BNK017,PRD003,2025-02-01,Feb-2025,2,3.16,Reporting Delay,Y
BNK017,PRD003,2025-03-01,Mar-2025,2,8.52,Delay Penalty,Y
BNK017,PRD004,2024-04-01,Apr-2024,1,8.73,Reporting Delay,Y
BNK017,PRD004,2024-05-01,May-2024,2,13.05,SLA Breach,Y
BNK017,PRD004,2024-06-01,Jun-2024,2,16.15,Non-compliance,Y
BNK017,PRD004,2024-07-01,Jul-2024,1,9.86,SLA Breach,N
BNK017,PRD004,2024-08-01,Aug-2024,2,4.11,Non-compliance,Y
BNK017,PRD004,2024-09-01,Sep-2024,1,7.0,Reporting Delay,N
BNK017,PRD004,2024-10-01,Oct-2024,2,2.57,SLA Breach,Y
BNK017,PRD004,2024-11-01,Nov-2024,2,1.38,Non-compliance,Y
BNK017,PRD004,2024-12-01,Dec-2024,1,9.17,SLA Breach,N
BNK017,PRD004,2025-01-01,Jan-2025,2,5.49,SLA Breach,Y
BNK017,PRD004,2025-02-01,Feb-2025,0,0.0,None,Y
BNK017,PRD004,2025-03-01,Mar-2025,1,7.18,Delay Penalty,N
BNK017,PRD005,2024-04-01,Apr-2024,0,0.0,None,Y
BNK017,PRD005,2024-05-01,May-2024,2,13.25,SLA Breach,Y
BNK017,PRD005,2024-06-01,Jun-2024,1,5.14,SLA Breach,Y
BNK017,PRD005,2024-07-01,Jul-2024,0,0.0,None,Y
BNK017,PRD005,2024-08-01,Aug-2024,0,0.0,None,N
BNK017,PRD005,2024-09-01,Sep-2024,1,6.19,Delay Penalty,N
BNK017,PRD005,2024-10-01,Oct-2024,1,3.96,SLA Breach,Y
BNK017,PRD005,2024-11-01,Nov-2024,1,3.4,Non-compliance,N
BNK017,PRD005,2024-12-01,Dec-2024,1,3.13,Non-compliance,Y
BNK017,PRD005,2025-01-01,Jan-2025,2,14.09,Non-compliance,N
BNK017,PRD005,2025-02-01,Feb-2025,1,2.61,Reporting Delay,Y
BNK017,PRD005,2025-03-01,Mar-2025,0,0.0,None,Y
BNK018,PRD001,2024-04-01,Apr-2024,2,5.68,Reporting Delay,Y
BNK018,PRD001,2024-05-01,May-2024,0,0.0,None,Y
BNK018,PRD001,2024-06-01,Jun-2024,0,0.0,None,N
BNK018,PRD001,2024-07-01,Jul-2024,0,0.0,None,Y
BNK018,PRD001,2024-08-01,Aug-2024,0,0.0,None,Y
BNK018,PRD001,2024-09-01,Sep-2024,0,0.0,None,Y
BNK018,PRD001,2024-10-01,Oct-2024,0,0.0,None,Y
BNK018,PRD001,2024-11-01,Nov-2024,0,0.0,None,Y
BNK018,PRD001,2024-12-01,Dec-2024,0,0.0,None,Y
BNK018,PRD001,2025-01-01,Jan-2025,0,0.0,None,Y
BNK018,PRD001,2025-02-01,Feb-2025,0,0.0,None,Y
BNK018,PRD001,2025-03-01,Mar-2025,1,3.89,Reporting Delay,Y
BNK018,PRD002,2024-04-01,Apr-2024,2,19.16,SLA Breach,Y
BNK018,PRD002,2024-05-01,May-2024,0,0.0,None,Y
BNK018,PRD002,2024-06-01,Jun-2024,2,8.47,Delay Penalty,Y
BNK018,PRD002,2024-07-01,Jul-2024,1,1.98,SLA Breach,Y
BNK018,PRD002,2024-08-01,Aug-2024,0,0.0,None,Y
BNK018,PRD002,2024-09-01,Sep-2024,2,15.64,Delay Penalty,Y
BNK018,PRD002,2024-10-01,Oct-2024,2,16.62,SLA Breach,Y
BNK018,PRD002,2024-11-01,Nov-2024,1,7.56,SLA Breach,Y
BNK018,PRD002,2024-12-01,Dec-2024,2,19.51,Reporting Delay,Y
BNK018,PRD002,2025-01-01,Jan-2025,0,0.0,None,Y
BNK018,PRD002,2025-02-01,Feb-2025,1,9.52,Reporting Delay,N
BNK018,PRD002,2025-03-01,Mar-2025,2,4.3,Non-compliance,Y
BNK018,PRD003,2024-04-01,Apr-2024,1,0.67,Reporting Delay,Y
BNK018,PRD003,2024-05-01,May-2024,2,3.55,Delay Penalty,Y
BNK018,PRD003,2024-06-01,Jun-2024,2,14.61,Non-compliance,Y
BNK018,PRD003,2024-07-01,Jul-2024,0,0.0,None,Y
BNK018,PRD003,2024-08-01,Aug-2024,1,9.43,SLA Breach,Y
BNK018,PRD003,2024-09-01,Sep-2024,0,0.0,None,N
BNK018,PRD003,2024-10-01,Oct-2024,1,3.91,Reporting Delay,N
BNK018,PRD003,2024-11-01,Nov-2024,1,1.23,Non-compliance,Y
BNK018,PRD003,2024-12-01,Dec-2024,2,9.03,Delay Penalty,Y
BNK018,PRD003,2025-01-01,Jan-2025,0,0.0,None,Y
BNK018,PRD003,2025-02-01,Feb-2025,2,8.93,Delay Penalty,Y
BNK018,PRD003,2025-03-01,Mar-2025,2,12.4,Reporting Delay,Y
BNK018,PRD004,2024-04-01,Apr-2024,1,2.47,SLA Breach,N
BNK018,PRD004,2024-05-01,May-2024,1,4.17,Non-compliance,Y
BNK018,PRD004,2024-06-01,Jun-2024,1,5.33,SLA Breach,Y
BNK018,PRD004,2024-07-01,Jul-2024,1,7.01,Reporting Delay,Y
BNK018,PRD004,2024-08-01,Aug-2024,2,12.93,Reporting Delay,Y
BNK018,PRD004,2024-09-01,Sep-2024,2,15.42,Non-compliance,N
BNK018,PRD004,2024-10-01,Oct-2024,1,5.48,Delay Penalty,N
BNK018,PRD004,2024-11-01,Nov-2024,2,14.58,Non-compliance,Y
BNK018,PRD004,2024-12-01,Dec-2024,2,19.69,Delay Penalty,Y
BNK018,PRD004,2025-01-01,Jan-2025,1,6.51,Reporting Delay,Y
BNK018,PRD004,2025-02-01,Feb-2025,1,3.19,Reporting Delay,Y
BNK018,PRD004,2025-03-01,Mar-2025,2,14.53,Delay Penalty,Y
BNK018,PRD005,2024-04-01,Apr-2024,0,0.0,None,N
BNK018,PRD005,2024-05-01,May-2024,2,10.89,SLA Breach,Y
BNK018,PRD005,2024-06-01,Jun-2024,1,3.79,SLA Breach,Y
BNK018,PRD005,2024-07-01,Jul-2024,1,8.97,SLA Breach,N
BNK018,PRD005,2024-08-01,Aug-2024,1,5.86,Reporting Delay,N
BNK018,PRD005,2024-09-01,Sep-2024,1,7.37,Reporting Delay,Y
BNK018,PRD005,2024-10-01,Oct-2024,0,0.0,None,N
BNK018,PRD005,2024-11-01,Nov-2024,2,2.6,SLA Breach,Y
BNK018,PRD005,2024-12-01,Dec-2024,1,3.84,SLA Breach,N
BNK018,PRD005,2025-01-01,Jan-2025,0,0.0,None,Y
BNK018,PRD005,2025-02-01,Feb-2025,1,9.2,Reporting Delay,Y
BNK018,PRD005,2025-03-01,Mar-2025,1,1.89,Delay Penalty,Y
BNK019,PRD001,2024-04-01,Apr-2024,1,8.43,SLA Breach,N
BNK019,PRD001,2024-05-01,May-2024,0,0.0,None,Y
BNK019,PRD001,2024-06-01,Jun-2024,2,14.37,Reporting Delay,Y
BNK019,PRD001,2024-07-01,Jul-2024,0,0.0,None,N
BNK019,PRD001,2024-08-01,Aug-2024,1,5.79,Delay Penalty,Y
BNK019,PRD001,2024-09-01,Sep-2024,2,3.05,SLA Breach,N
BNK019,PRD001,2024-10-01,Oct-2024,2,1.24,Delay Penalty,Y
BNK019,PRD001,2024-11-01,Nov-2024,0,0.0,None,Y
BNK019,PRD001,2024-12-01,Dec-2024,2,6.51,SLA Breach,Y
BNK019,PRD001,2025-01-01,Jan-2025,1,9.97,SLA Breach,Y
BNK019,PRD001,2025-02-01,Feb-2025,1,7.57,Delay Penalty,Y
BNK019,PRD001,2025-03-01,Mar-2025,1,5.21,Reporting Delay,Y
BNK019,PRD002,2024-04-01,Apr-2024,1,5.04,SLA Breach,N
BNK019,PRD002,2024-05-01,May-2024,0,0.0,None,Y
BNK019,PRD002,2024-06-01,Jun-2024,2,15.67,Non-compliance,Y
BNK019,PRD002,2024-07-01,Jul-2024,2,2.13,Delay Penalty,Y
BNK019,PRD002,2024-08-01,Aug-2024,0,0.0,None,Y
BNK019,PRD002,2024-09-01,Sep-2024,1,2.65,Delay Penalty,N
BNK019,PRD002,2024-10-01,Oct-2024,2,14.56,Delay Penalty,N
BNK019,PRD002,2024-11-01,Nov-2024,2,11.76,Reporting Delay,Y
BNK019,PRD002,2024-12-01,Dec-2024,2,8.85,Reporting Delay,Y
BNK019,PRD002,2025-01-01,Jan-2025,1,5.22,Non-compliance,Y
BNK019,PRD002,2025-02-01,Feb-2025,0,0.0,None,N
BNK019,PRD002,2025-03-01,Mar-2025,0,0.0,None,N
BNK019,PRD003,2024-04-01,Apr-2024,2,13.0,Delay Penalty,Y
BNK019,PRD003,2024-05-01,May-2024,0,0.0,None,Y
BNK019,PRD003,2024-06-01,Jun-2024,0,0.0,None,Y
BNK019,PRD003,2024-07-01,Jul-2024,1,7.56,Reporting Delay,Y
BNK019,PRD003,2024-08-01,Aug-2024,0,0.0,None,Y
BNK019,PRD003,2024-09-01,Sep-2024,1,7.5,SLA Breach,Y
BNK019,PRD003,2024-10-01,Oct-2024,2,17.17,Non-compliance,Y
BNK019,PRD003,2024-11-01,Nov-2024,1,4.42,Reporting Delay,Y
BNK019,PRD003,2024-12-01,Dec-2024,2,16.22,Non-compliance,Y
BNK019,PRD003,2025-01-01,Jan-2025,1,5.13,SLA Breach,Y
BNK019,PRD003,2025-02-01,Feb-2025,1,6.34,Reporting Delay,Y
BNK019,PRD003,2025-03-01,Mar-2025,1,3.6,Reporting Delay,N
BNK019,PRD004,2024-04-01,Apr-2024,1,8.38,SLA Breach,Y
BNK019,PRD004,2024-05-01,May-2024,0,0.0,None,Y
BNK019,PRD004,2024-06-01,Jun-2024,2,5.93,Non-compliance,Y
BNK019,PRD004,2024-07-01,Jul-2024,1,8.45,Non-compliance,Y
BNK019,PRD004,2024-08-01,Aug-2024,0,0.0,None,N
BNK019,PRD004,2024-09-01,Sep-2024,0,0.0,None,Y
BNK019,PRD004,2024-10-01,Oct-2024,2,16.91,Delay Penalty,Y
BNK019,PRD004,2024-11-01,Nov-2024,2,8.22,Reporting Delay,Y
BNK019,PRD004,2024-12-01,Dec-2024,2,15.97,Non-compliance,N
BNK019,PRD004,2025-01-01,Jan-2025,0,0.0,None,Y
BNK019,PRD004,2025-02-01,Feb-2025,1,7.93,Delay Penalty,Y
BNK019,PRD004,2025-03-01,Mar-2025,2,16.48,Non-compliance,Y
BNK019,PRD005,2024-04-01,Apr-2024,2,8.19,Non-compliance,Y
BNK019,PRD005,2024-05-01,May-2024,2,8.77,Non-compliance,Y
BNK019,PRD005,2024-06-01,Jun-2024,0,0.0,None,Y
BNK019,PRD005,2024-07-01,Jul-2024,0,0.0,None,Y
BNK019,PRD005,2024-08-01,Aug-2024,1,1.55,Delay Penalty,Y
BNK019,PRD005,2024-09-01,Sep-2024,0,0.0,None,Y
BNK019,PRD005,2024-10-01,Oct-2024,2,5.4,SLA Breach,Y
BNK019,PRD005,2024-11-01,Nov-2024,1,6.08,Delay Penalty,Y
BNK019,PRD005,2024-12-01,Dec-2024,0,0.0,None,Y
BNK019,PRD005,2025-01-01,Jan-2025,1,5.94,SLA Breach,Y
BNK019,PRD005,2025-02-01,Feb-2025,2,18.15,Reporting Delay,Y
BNK019,PRD005,2025-03-01,Mar-2025,0,0.0,None,N
BNK020,PRD001,2024-04-01,Apr-2024,1,1.16,Non-compliance,Y
BNK020,PRD001,2024-05-01,May-2024,0,0.0,None,N
BNK020,PRD001,2024-06-01,Jun-2024,0,0.0,None,Y
BNK020,PRD001,2024-07-01,Jul-2024,1,6.78,Reporting Delay,Y
BNK020,PRD001,2024-08-01,Aug-2024,2,9.64,SLA Breach,Y
BNK020,PRD001,2024-09-01,Sep-2024,0,0.0,None,N
BNK020,PRD001,2024-10-01,Oct-2024,0,0.0,None,N
BNK020,PRD001,2024-11-01,Nov-2024,0,0.0,None,Y
BNK020,PRD001,2024-12-01,Dec-2024,1,7.23,Reporting Delay,Y
BNK020,PRD001,2025-01-01,Jan-2025,0,0.0,None,N
BNK020,PRD001,2025-02-01,Feb-2025,2,2.35,Reporting Delay,Y
BNK020,PRD001,2025-03-01,Mar-2025,0,0.0,None,N
BNK020,PRD002,2024-04-01,Apr-2024,1,9.43,Delay Penalty,Y
BNK020,PRD002,2024-05-01,May-2024,1,9.51,Non-compliance,Y
BNK020,PRD002,2024-06-01,Jun-2024,2,1.69,Delay Penalty,N
BNK020,PRD002,2024-07-01,Jul-2024,1,3.31,Delay Penalty,Y
BNK020,PRD002,2024-08-01,Aug-2024,0,0.0,None,N
BNK020,PRD002,2024-09-01,Sep-2024,2,1.41,SLA Breach,N
BNK020,PRD002,2024-10-01,Oct-2024,0,0.0,None,N
BNK020,PRD002,2024-11-01,Nov-2024,1,8.83,Reporting Delay,Y
BNK020,PRD002,2024-12-01,Dec-2024,1,5.41,Reporting Delay,Y
BNK020,PRD002,2025-01-01,Jan-2025,2,5.68,Delay Penalty,Y
BNK020,PRD002,2025-02-01,Feb-2025,2,18.51,Reporting Delay,N
BNK020,PRD002,2025-03-01,Mar-2025,0,0.0,None,N
BNK020,PRD003,2024-04-01,Apr-2024,2,15.54,Non-compliance,N
BNK020,PRD003,2024-05-01,May-2024,0,0.0,None,Y
BNK020,PRD003,2024-06-01,Jun-2024,2,16.5,Delay Penalty,N
BNK020,PRD003,2024-07-01,Jul-2024,1,1.55,Delay Penalty,N
BNK020,PRD003,2024-08-01,Aug-2024,0,0.0,None,N
BNK020,PRD003,2024-09-01,Sep-2024,2,19.86,SLA Breach,Y
BNK020,PRD003,2024-10-01,Oct-2024,0,0.0,None,Y
BNK020,PRD003,2024-11-01,Nov-2024,0,0.0,None,Y
BNK020,PRD003,2024-12-01,Dec-2024,1,6.12,Reporting Delay,Y
BNK020,PRD003,2025-01-01,Jan-2025,0,0.0,None,Y
BNK020,PRD003,2025-02-01,Feb-2025,1,7.44,SLA Breach,Y
BNK020,PRD003,2025-03-01,Mar-2025,2,5.35,Delay Penalty,N
BNK020,PRD004,2024-04-01,Apr-2024,2,1.5,Non-compliance,Y
BNK020,PRD004,2024-05-01,May-2024,1,9.12,Delay Penalty,Y
BNK020,PRD004,2024-06-01,Jun-2024,1,8.07,Non-compliance,N
BNK020,PRD004,2024-07-01,Jul-2024,1,9.81,Non-compliance,N
BNK020,PRD004,2024-08-01,Aug-2024,2,19.19,Reporting Delay,N
BNK020,PRD004,2024-09-01,Sep-2024,0,0.0,None,Y
BNK020,PRD004,2024-10-01,Oct-2024,2,17.51,Reporting Delay,Y
BNK020,PRD004,2024-11-01,Nov-2024,0,0.0,None,Y
BNK020,PRD004,2024-12-01,Dec-2024,2,4.73,SLA Breach,N
BNK020,PRD004,2025-01-01,Jan-2025,2,19.43,Non-compliance,Y
BNK020,PRD004,2025-02-01,Feb-2025,2,13.52,Reporting Delay,N
BNK020,PRD004,2025-03-01,Mar-2025,1,2.98,Delay Penalty,Y
BNK020,PRD005,2024-04-01,Apr-2024,0,0.0,None,Y
BNK020,PRD005,2024-05-01,May-2024,2,10.15,Reporting Delay,N
BNK020,PRD005,2024-06-01,Jun-2024,2,9.18,SLA Breach,Y
BNK020,PRD005,2024-07-01,Jul-2024,1,1.46,Non-compliance,Y
BNK020,PRD005,2024-08-01,Aug-2024,1,1.69,Delay Penalty,N
BNK020,PRD005,2024-09-01,Sep-2024,0,0.0,None,Y
BNK020,PRD005,2024-10-01,Oct-2024,2,8.05,SLA Breach,N
BNK020,PRD005,2024-11-01,Nov-2024,0,0.0,None,N
BNK020,PRD005,2024-12-01,Dec-2024,0,0.0,None,Y
BNK020,PRD005,2025-01-01,Jan-2025,1,0.55,Non-compliance,Y
BNK020,PRD005,2025-02-01,Feb-2025,0,0.0,None,Y
BNK020,PRD005,2025-03-01,Mar-2025,2,19.73,Reporting Delay,Y
